id,office_name,office_code,office_phone_number,city,country
1,Devpoint,0074-3015,188-377-5940,Jati,Indonesia
2,Dabfeed,43128-001,777-270-8073,Victoria Falls,Zimbabwe
3,Einti,24236-231,773-791-6181,Birqīn,Palestinian Territory
4,Livefish,45802-472,917-242-5594,New York City,United States
5,Tagopia,0135-0094,132-240-0266,Thāru Shāh,Pakistan
6,Browseblab,55316-214,991-968-1227,Sifangxi,China
7,Meedoo,51672-1279,951-368-9401,Nieying,China
8,Bluejam,59896-520,683-713-3484,Guay,Indonesia
9,Nlounge,16590-870,595-192-3899,Zhongdeng,China
10,Eidel,76280-232,551-698-0847,Minas de Matahambre,Cuba
11,Katz,62007-022,459-466-8521,Camagüey,Cuba
12,Minyx,52471-116,285-630-5138,Embu,Brazil
13,Wordpedia,53808-0687,160-358-7577,Mezhdurechensk,Russia
14,Tazzy,0573-0164,874-725-9108,Golopau,Indonesia
15,Bubblemix,76237-110,220-724-4443,Bích Động,Vietnam
16,Tagfeed,68788-0005,625-176-5606,Lengkongbarang,Indonesia
17,Kwimbee,43742-0188,215-326-5924,Uthai Thani,Thailand
18,Realfire,68180-589,575-559-7342,São Martinho do Campo,Portugal
19,Wikizz,57955-1801,341-701-5876,Kalipucang,Indonesia
20,Yozio,41163-647,575-608-6903,Ciudad Cortés,Costa Rica
21,Jaxworks,11344-318,161-260-8639,Geoktschai,Azerbaijan
22,Skaboo,0085-4352,396-152-8435,Solotcha,Russia
23,Blognation,0591-5553,637-281-9612,Anfu,China
24,Vidoo,0179-8702,717-461-3500,Groznyy,Russia
25,Skynoodle,41167-0093,385-358-7011,Lingbei,China
26,Tanoodle,63354-352,892-833-6034,Port Hawkesbury,Canada
27,Ntag,0603-2339,546-145-2767,Karpinsk,Russia
28,Yacero,76472-1140,694-987-6472,Constanza,Dominican Republic
29,Thoughtmix,24385-357,571-442-9911,Parksville,Canada
30,Fadeo,0069-2170,858-620-0425,Hefu,China
31,Avamm,49288-0491,737-693-1417,Dafang,China
32,Podcat,0187-0497,678-964-6739,Pingtan,China
33,Skyndu,63323-738,247-394-1750,Arevashogh,Armenia
34,Dynava,51060-063,797-689-6289,Gajah,Indonesia
35,Yoveo,49502-500,845-301-4492,Molinos,Peru
36,Photobug,52684-0026,560-798-9408,Francisco Villa,Mexico
37,Shufflebeat,57469-003,250-962-3623,Čížkovice,Czech Republic
38,Tagpad,55154-2099,634-680-9989,Nanxing,China
39,Brainlounge,76237-138,465-410-3897,Yong’an,China
40,Edgeify,36987-3163,134-480-3922,Zhongxin,China
41,Oyoba,49371-016,155-359-1151,Lyakhovtsy,Ukraine
42,Skiba,50383-043,249-112-9993,Bluefields,Jamaica
43,Fanoodle,36987-3099,277-416-5326,Catabola,Angola
44,Agimba,0220-9078,110-741-6595,Dahedian,China
45,Feedmix,41163-420,232-792-4104,Wenquan,China
46,Thoughtworks,59735-130,596-135-3658,Serere,Uganda
47,Voolia,66975-101,169-142-0084,Wotsogo,Indonesia
48,Realbuzz,54868-4414,443-319-5956,Saubara,Brazil
49,Blogtags,29336-324,245-471-6656,Daga,Bhutan
50,Youopia,0904-6186,106-420-3789,Verkhniye Osel’ki,Russia
51,Shuffledrive,52584-028,372-376-5683,Karlstad,Sweden
52,Podcat,0527-1368,582-765-6638,Aurora,Philippines
53,Quatz,21695-889,193-670-6760,Kuiyong,China
54,Tambee,55111-471,772-218-1824,Fenglin,China
55,Topdrive,65044-2075,443-900-7058,João Câmara,Brazil
56,Divanoodle,66949-900,683-745-2443,Shaxi,China
57,Roomm,49999-392,769-485-2008,Alta,Norway
58,Pixoboo,68084-542,934-752-6791,Huichang,China
59,Dabshots,54868-0062,662-136-4385,Ximapo,China
60,Divanoodle,36987-1219,697-430-7533,Gan Yavne,Israel
61,Realcube,65585-494,464-428-7997,Lac-Mégantic,Canada
62,Dynava,49884-746,416-799-5422,Mezhdurechensk,Russia
63,Muxo,43063-508,499-943-7638,Aguisan,Philippines
64,BlogXS,41250-167,697-723-2841,Agara,Georgia
65,Avaveo,98132-703,638-220-8370,Volnovakha,Ukraine
66,JumpXS,49349-677,780-430-6819,Cishangang,China
67,Abatz,49852-162,818-589-6107,Murów,Poland
68,Vipe,43063-468,427-447-0566,Oemollo,Indonesia
69,Realbuzz,37205-215,966-671-8335,Skien,Norway
70,Muxo,37205-628,438-689-5549,Sydney,Australia
71,Zoomlounge,52125-564,924-247-9929,Baluk,Indonesia
72,Yozio,53808-0200,699-454-0149,Mocoa,Colombia
73,Yombu,24794-107,840-341-1191,Jiedu,China
74,Quamba,21695-353,168-786-2327,Dauphin,Canada
75,Skimia,0904-5877,631-346-0983,Guantánamo,Cuba
76,Yacero,0268-6198,339-718-7988,Zongzhai,China
77,Brainbox,54868-6086,852-189-8602,Mölndal,Sweden
78,Latz,0268-0936,869-671-0422,Lagunillas,Mexico
79,Skynoodle,0409-7334,414-775-4495,Milwaukee,United States
80,Bluejam,63739-573,258-739-3603,Barbacena,Brazil
81,Meetz,0024-0337,981-865-5215,Arroyo Naranjo,Cuba
82,Twitterwire,65841-781,669-931-8784,Hutou,China
83,Yakitri,51209-004,674-736-4696,Bāft,Iran
84,Edgeclub,0378-5503,750-817-7594,Anggana,Indonesia
85,Bluezoom,0185-0649,535-152-3634,Trondheim,Norway
86,Flipstorm,49614-448,984-278-0760,Krajan,Indonesia
87,Ailane,23155-235,694-753-4434,Ban Huai Thalaeng,Thailand
88,Jaxworks,61957-2040,359-737-3779,Estela,Portugal
89,Realfire,0268-6149,753-487-1437,Haninge,Sweden
90,Flashset,41163-083,588-100-8288,Mons,Belgium
91,Trudeo,76067-100,342-206-2176,Shijiazhuang,China
92,Babbleset,50436-7054,213-354-4646,Cortes,Philippines
93,Browsezoom,13537-063,234-500-1593,Hongqi,China
94,Kare,43857-0234,852-939-4287,Dong’ao,China
95,Skimia,62756-350,718-462-6679,Komprachcice,Poland
96,Gabtype,65162-751,967-110-5919,Caibarién,Cuba
97,Gigaclub,0378-0315,312-858-8271,Tabonok,Philippines
98,Shufflester,43269-713,118-862-8571,Mulawato,Indonesia
99,Yata,33992-1202,410-583-4296,Gagnoa,Ivory Coast
100,Twinte,43269-766,412-447-3375,Rancho Nuevo,Mexico
101,Babbleset,41163-478,620-481-1974,Polyarnyy,Russia
102,Kaymbo,52125-050,337-110-4252,Salamá,Honduras
103,Flashset,16714-582,140-953-5681,Tandel,Luxembourg
104,Thoughtbeat,0037-0731,310-121-1457,Kota Kinabalu,Malaysia
105,Twitterworks,0378-0415,842-273-2533,Cireundang,Indonesia
106,Babblestorm,41250-650,198-973-2227,Ōarai,Japan
107,Aimbo,59779-500,442-977-0247,Bromma,Sweden
108,Livepath,54473-237,442-956-5189,Saint-Denis,Reunion
109,Avaveo,12634-616,291-777-6273,Katagum,Nigeria
110,Pixonyx,0168-0035,838-958-5579,Leduc,Canada
111,Gigashots,10578-041,179-356-1785,Yulin,China
112,Tanoodle,68828-123,601-769-7238,Salamá,Honduras
113,Demizz,63824-020,403-340-3415,Józefów,Poland
114,Yacero,43419-034,871-416-0013,Ipaba,Brazil
115,Babbleopia,10191-1889,880-200-5366,Netrakona,Bangladesh
116,Bluezoom,0270-1315,174-368-2354,Lom Sak,Thailand
117,Browseblab,31722-739,979-953-0534,Oslo,Norway
118,Dynabox,47593-491,971-450-4665,Cambanugoy,Philippines
119,Jamia,53808-0595,300-228-1544,Paruro,Peru
120,Browsecat,59262-352,453-466-9491,Funchal,Portugal
121,Browsecat,45167-030,761-653-5969,Galamares,Portugal
122,Jaxworks,13537-379,848-459-5522,Quichuay,Peru
123,Skimia,53746-188,631-837-7689,Patrocínio,Brazil
124,Meezzy,54868-5564,685-513-2217,Lazaro Cardenas,Mexico
125,Oloo,48951-8247,749-978-3106,Simapu,China
126,Voolia,43419-018,106-105-9176,Silute,Lithuania
127,Zoovu,11523-4357,599-177-9217,Qiansuo,China
128,Midel,49349-562,378-227-8148,Pombal,Portugal
129,Eare,43857-0245,540-447-0352,Roanoke,United States
130,Divanoodle,62670-4786,408-619-1988,Pasireurih,Indonesia
131,Divape,0185-0144,178-735-3767,Boa Vista,Brazil
132,Babbleopia,62627-100,455-657-4297,Conceição da Abóboda,Portugal
133,Blogtag,68428-120,130-381-7050,Pantaihambawang,Indonesia
134,JumpXS,0944-2833,191-309-0844,Qinling Jieban,China
135,Oyonder,49967-095,610-918-0675,Huagai,China
136,Kwideo,63187-032,883-558-9628,Duncan Town,Bahamas
137,Blogspan,51655-163,849-444-9277,Timiryazevskiy,Russia
138,Photobean,43857-0004,223-658-4241,Shatura,Russia
139,Jetwire,51460-1111,441-502-7040,Padej,Serbia
140,Skiba,98132-172,704-932-8971,Sérifos,Greece
141,Snaptags,59726-159,664-837-5678,Kuwayris Sharqī,Syria
142,Quire,10578-028,933-387-0506,San Diego,Costa Rica
143,Skyndu,63981-700,835-216-7582,Liucheng,China
144,Eabox,0904-5464,819-288-2373,Eixo,Portugal
145,Yotz,69017-206,235-328-4653,Roubaix,France
146,Zoonder,59762-8399,709-285-6323,Lere,Nigeria
147,Kanoodle,53499-5553,481-652-9871,Rio Meão,Portugal
148,Tagfeed,47335-962,280-712-9621,Kiangan,Philippines
149,Riffpedia,58411-237,110-878-7504,Guanzhou,China
150,Gigaclub,51389-119,411-904-3865,La Sabana,Honduras
151,Myworks,66579-0056,754-824-0785,Sochi,Russia
152,Jazzy,0703-5747,106-407-2335,La Lima,Honduras
153,Oodoo,68327-036,780-864-4217,Hobo,Colombia
154,Trupe,60429-012,197-777-2315,Cirumput,Indonesia
155,Buzzshare,47682-244,314-985-8669,Poitiers,France
156,Yabox,55154-4734,990-198-5128,Doushaguan,China
157,Wordtune,10424-145,711-570-0913,Pasirlaja,Indonesia
158,Twitterbridge,23155-162,868-370-3701,Piduhe,China
159,Fanoodle,31722-501,917-782-2928,New York City,United States
160,Skyndu,49967-017,952-394-5804,Shar’ya,Russia
161,Gigashots,64380-720,685-138-5366,Velagići,Bosnia and Herzegovina
162,Kimia,42254-015,774-631-1734,Gadžin Han,Serbia
163,Feednation,66336-488,213-273-2737,Jetis,Indonesia
164,Fliptune,44911-0019,398-360-4306,Cibiru,Indonesia
165,Buzzster,49999-872,919-533-7121,Nagasaki-shi,Japan
166,Tekfly,48871-006,737-991-3024,Bratsigovo,Bulgaria
167,Photobug,59078-024,592-690-3717,Leping,China
168,Innojam,42508-164,408-737-1419,Xinqiao,China
169,DabZ,21130-152,499-126-3662,Paris La Défense,France
170,Rhyzio,61957-1840,787-495-1661,Dobrošte,Macedonia
171,Edgewire,59746-386,663-378-2745,Rokem Barat,Indonesia
172,Edgewire,0615-6557,124-619-2907,Bilohirs’k,Ukraine
173,Gabtype,0363-0252,567-497-7948,Wodzisław Śląski,Poland
174,Dabjam,43269-807,405-188-4139,Baro Kunda,Gambia
175,Roombo,10018-9505,787-306-6983,Papatowai,New Zealand
176,Dabvine,62211-048,111-882-1486,Karakul’,Uzbekistan
177,Latz,62037-700,757-820-8089,Manjing,China
178,Zoomdog,43853-0007,958-948-9426,Bitam,Gabon
179,Yotz,10812-503,601-222-9336,Jackson,United States
180,Twitterwire,60716-010,894-509-1090,Mar del Plata,Argentina
181,Aibox,62756-312,948-215-1391,Smyshlyayevka,Russia
182,Realcube,21695-110,102-152-2305,Caieiras,Brazil
183,Riffpath,21749-740,281-224-1648,Trąbki,Poland
184,Thoughtstorm,0781-2191,492-997-1139,Ashton,South Africa
185,Feedbug,68151-2609,422-863-9408,Glushkovo,Russia
186,Vidoo,68828-174,465-339-0511,Calvário,Portugal
187,Mita,0904-5050,568-299-9882,Hongqi,China
188,Twinte,63868-486,538-560-3246,Koronowo,Poland
189,Shuffletag,41167-0244,871-761-9952,Masatepe,Nicaragua
190,JumpXS,76420-782,670-565-1256,Cimalati,Indonesia
191,Flashdog,13537-300,558-352-5540,Phuket,Thailand
192,Quimba,63691-015,515-178-2111,Beishidian,China
193,Muxo,36987-3036,551-960-9389,Şabyā,Saudi Arabia
194,Youbridge,0078-0495,622-789-3159,Kaa-Khem,Russia
195,Skivee,52533-042,258-293-7355,San Jacinto,Philippines
196,Livepath,69043-002,677-272-7054,Laborie,Saint Lucia
197,Kare,42507-406,597-929-2663,Hongtang,China
198,Tazz,51660-526,252-947-4421,Ōhara,Japan
199,Eadel,0295-1183,452-709-5962,Osasco,Brazil
200,Kwimbee,11822-0800,234-612-6712,Prince Albert,South Africa
201,Tazzy,61601-1183,634-428-7314,Palcza,Poland
202,Babbleopia,48878-0620,616-384-3124,Uchaly,Russia
203,Skipstorm,51801-011,336-777-9983,Nanlang,China
204,Lazz,10096-0314,601-708-6234,Brokopondo,Suriname
205,Skinder,67777-226,637-572-7889,Daraitan,Philippines
206,Thoughtmix,0187-5475,575-129-2039,El Tabo,Chile
207,Thoughtsphere,21695-471,673-820-8856,Stavyshche,Ukraine
208,Divape,52426-120,649-912-6459,Porsgrunn,Norway
209,Realpoint,52125-235,669-813-9270,Mikhaylov,Russia
210,Quire,51655-560,531-164-9169,Pelasgía,Greece
211,Viva,21749-703,602-798-7463,Xi’an,China
212,Thoughtbridge,21695-105,299-201-1910,Buenaventura,Colombia
213,Abatz,56062-837,392-635-8776,Porto Martins,Portugal
214,Yotz,0378-3034,628-978-8698,Sundbyberg,Sweden
215,Meedoo,66993-468,636-939-3148,Tange Zhen,China
216,Centimia,43063-348,953-732-7314,Nyzhni Sirohozy,Ukraine
217,Latz,60429-355,295-238-0310,Haiphong,Vietnam
218,Feedspan,49580-0276,775-578-3971,Sosnovoborsk,Russia
219,InnoZ,11410-411,436-277-1457,Nazran’,Russia
220,Thoughtbridge,0008-1030,159-947-4628,Jorok Dalam,Indonesia
221,Oyondu,52125-744,135-455-6814,Bancal,Philippines
222,Camimbo,55711-069,967-655-3973,Herrljunga,Sweden
223,Myworks,62257-575,973-481-0144,Itarana,Brazil
224,Twitterbridge,43419-744,995-456-3257,Jiaotang,China
225,Rhyloo,49348-305,855-754-4126,Si Satchanalai,Thailand
226,Jayo,53144-4001,844-129-2916,São João Nepomuceno,Brazil
227,Photofeed,44004-802,972-593-1722,Breves,Brazil
228,Demivee,17630-2011,245-697-8270,Beima,China
229,Bubblebox,65342-2030,821-607-2080,Tagawa,Japan
230,Ozu,57337-002,172-356-8785,Cilentung,Indonesia
231,Shufflebeat,63057-0001,952-192-9580,Póvoa,Portugal
232,Yoveo,36800-136,579-388-9881,Rumburk,Czech Republic
233,Divanoodle,55315-730,868-910-8824,Žďár nad Sázavou,Czech Republic
234,Kare,0781-9037,593-245-1398,Stockholm,Sweden
235,Digitube,55111-279,299-865-4365,Parrita,Costa Rica
236,Jamia,0268-1286,305-847-7602,Ilihan,Philippines
237,Edgewire,33261-627,424-925-8002,Curumaní,Colombia
238,Aimbu,54973-3085,861-186-6051,Broby,Finland
239,Digitube,41520-096,283-893-3184,Postmasburg,South Africa
240,Livetube,50241-141,809-593-6204,Marale,Honduras
241,Oyope,57520-0526,876-566-5107,Sundsvall,Sweden
242,Eare,52605-117,797-849-0524,Luangwa,Zambia
243,Avamm,76282-214,539-498-4696,Inđija,Serbia
244,Zoovu,60512-6780,555-723-5269,Dahongmen,China
245,Meemm,43419-362,694-168-7542,Chigorodó,Colombia
246,Mudo,0409-7793,164-807-0853,Mabalacat,Philippines
247,Thoughtstorm,49299-1091,121-760-6203,Nogent-sur-Marne,France
248,Oyoba,10544-213,853-252-8762,Ximei,China
249,Vimbo,21130-065,931-151-5194,Balzan,Malta
250,Gabvine,47124-434,934-982-4153,Chimbas,Argentina
251,Photobug,55312-419,618-793-6693,Grebenskaya,Russia
252,Realfire,30142-621,278-424-3764,Orimattila,Finland
253,Demivee,53145-308,988-152-5625,Serra D'El Rei,Portugal
254,Oodoo,41268-065,606-300-5975,Lojejerkrajan,Indonesia
255,Zoonoodle,64942-1203,239-668-1319,Volgodonsk,Russia
256,Eamia,49698-200,540-278-8456,Dapdap,Philippines
257,Oyondu,0268-0084,917-673-4941,Cholpon-Ata,Kyrgyzstan
258,Yodo,64159-7693,860-994-9854,Ural,Russia
259,Podcat,36800-656,822-166-9461,Al Wardānīn,Tunisia
260,Rooxo,55648-155,507-808-2003,Cibugel,Indonesia
261,Minyx,36987-2805,882-749-7205,Temryuk,Russia
262,Aivee,76357-200,107-911-3619,Marsabit,Kenya
263,Topicblab,48951-1144,752-610-7976,Shuiting,China
264,Feedfire,64117-993,870-779-9522,Khudāydād Khēl,Afghanistan
265,Skinix,0006-4841,458-374-0979,Bieliny,Poland
266,Zoomlounge,43269-684,160-302-4967,Muang Xay,Laos
267,Thoughtbeat,0395-2775,910-200-4440,Longxi,China
268,Vipe,60505-7003,571-796-2055,Sibulan,Philippines
269,Jabberstorm,49288-0648,220-575-2960,Сарај,Macedonia
270,Meembee,55154-1056,429-422-7193,Wanglinkou,China
271,Voomm,0185-0047,278-466-9965,Kalangbret,Indonesia
272,Mynte,49349-531,252-584-9200,Hetian,China
273,Wordware,59779-758,390-459-6959,Abuko,Gambia
274,Yakidoo,0591-3720,595-694-0309,Basel,Switzerland
275,Rhyloo,0363-0507,205-342-0539,Shengli,China
276,Zazio,65517-1009,514-933-8623,Purwodadi,Indonesia
277,Realfire,37000-074,659-829-1159,Náfplio,Greece
278,Tagcat,24090-492,154-774-9945,Couço,Portugal
279,Jetpulse,48951-9170,407-614-4203,Koper,Slovenia
280,Skimia,47593-431,128-750-6821,Żywiec,Poland
281,Skyvu,58962-002,956-770-2221,Baoquan,China
282,Aivee,62011-0071,224-395-8998,Puerto Bello,Philippines
283,Kazio,52125-681,925-113-8175,Kalapadua,Indonesia
284,Thoughtmix,35813-374,597-922-6170,Bungoma,Kenya
285,Lazz,41163-092,249-705-0408,Sarankhola,Bangladesh
286,Meedoo,63304-963,515-916-5006,Xinzhou,China
287,Divavu,52125-679,115-415-1053,Feikeng,China
288,Livetube,76439-233,293-200-3425,Rat Burana,Thailand
289,Kaymbo,58914-003,926-692-7467,Osogbo,Nigeria
290,Skilith,65044-1340,352-534-5869,Geita,Tanzania
291,Thoughtsphere,0179-0082,679-555-4854,Gaowu,China
292,Photofeed,55045-1173,825-960-1913,Yongqin,China
293,Thoughtsphere,67544-070,404-656-4939,Paccho,Peru
294,Ooba,52125-262,302-944-5720,Fengyang,China
295,Tagpad,57664-358,302-577-9811,Kupavna,Russia
296,Jabbercube,67938-0802,997-702-9616,Dok Kham Tai,Thailand
297,Kwideo,58118-0343,977-494-8946,Cauday,Peru
298,Chatterbridge,63868-126,565-215-6985,Fengyuan,Taiwan
299,Babbleblab,52125-647,470-309-2667,Shangde,China
300,Dabvine,55111-700,559-152-1821,Goiás,Brazil
301,Eamia,57243-157,283-221-8546,Khóra,Greece
302,Feedfire,67938-1172,416-988-1755,Manta,Ecuador
303,Zoombox,37808-161,301-499-1763,Łapsze Niżne,Poland
304,Youtags,61504-000,661-163-8852,Plumbangan,Indonesia
305,Yodoo,0409-7993,889-787-9122,Mo I Rana,Norway
306,Leexo,49349-867,382-495-7323,Tegalrejo,Indonesia
307,Buzzster,0299-6100,423-158-3866,Betim,Brazil
308,Mita,68084-180,834-425-5182,Troitskiy,Russia
309,Skyvu,42508-156,707-382-2378,Būlaevo,Kazakhstan
310,Dynava,55319-014,177-979-3152,Yandang,China
311,Browsetype,52125-773,755-260-7970,Kamuli,Uganda
312,Yakidoo,68151-2904,429-281-1687,Kowalewo Pomorskie,Poland
313,Jetwire,0615-6596,393-530-4949,Velas,Portugal
314,BlogXS,60681-2702,436-593-0247,Bollnäs,Sweden
315,Gabtype,68788-9776,104-439-6444,Valle de Ángeles,Honduras
316,Zoomzone,72036-220,432-265-6931,Hamburg,Germany
317,Eidel,60429-367,828-713-2168,Erong,China
318,Kaymbo,0069-1340,641-633-1633,Inya,Russia
319,Yakitri,13537-040,564-836-7923,Laascaanood,Somalia
320,Rhycero,67147-855,933-759-6542,Yuracyacu,Peru
321,Meeveo,66336-635,837-571-6560,Shiraoka,Japan
322,Rooxo,68788-9690,105-153-4795,Caraguatatuba,Brazil
323,JumpXS,49035-101,374-474-1023,Suwon-si,South Korea
324,Aivee,49817-0048,512-840-2208,Polkowice,Poland
325,Oyondu,13537-222,946-248-9309,Al Misrākh,Yemen
326,Tazz,29500-2278,460-464-0738,Nantai,China
327,Trudoo,0143-1174,349-889-0663,Jatisari,Indonesia
328,Zoomdog,58165-031,449-466-3042,Magsalangi,Philippines
329,Eabox,49643-340,724-421-0521,Gelatik,Indonesia
330,Rhynoodle,55714-4481,237-370-7439,Sar-e Pul,Afghanistan
331,Oba,11489-067,851-707-5119,Kiten,Bulgaria
332,Mydo,68788-9857,976-381-5618,Jhingergācha,Bangladesh
333,Zoozzy,52685-358,661-192-9482,Uhryniv,Ukraine
334,BlogXS,13537-251,189-946-1775,Taishihe,China
335,Brightbean,53345-010,856-975-4468,Petite Anse,Haiti
336,Skipfire,59021-011,609-427-6449,Novopokrovka,Russia
337,Youspan,63045-001,416-546-9929,Biris Daja,Indonesia
338,Edgepulse,60429-028,521-134-2119,Dąbie,Poland
339,Realcube,64942-1323,147-166-1180,Ratíškovice,Czech Republic
340,Meezzy,41167-6050,743-107-2761,Joutsa,Finland
341,Tagtune,53041-615,986-896-8308,Sevilla,Colombia
342,Voonix,76045-005,768-793-0603,Ma‘lūlā,Syria
343,Podcat,51785-921,916-460-3100,Rybnoye,Russia
344,Jayo,42507-516,308-517-2306,Lachowice,Poland
345,Mynte,64380-732,210-165-8953,Palecenan,Indonesia
346,Bubblemix,68788-9137,155-125-9180,Osiedle-Nowiny,Poland
347,Jabbersphere,16590-217,193-697-8078,Artur Nogueira,Brazil
348,Podcat,36987-1773,793-399-3393,Klakeh,Indonesia
349,Oyope,0378-3151,591-451-9672,Kigoma,Tanzania
350,Skipfire,0378-5525,333-376-2037,Almodôvar,Portugal
351,Livetube,67457-163,920-594-5055,Los Córdobas,Colombia
352,Photolist,59115-143,159-362-3996,Baiqiao,China
353,Tazz,50795-3001,695-951-6188,Nenotes,Indonesia
354,Dynava,41250-942,971-483-5342,Krynice,Poland
355,Voomm,0591-0582,278-217-0396,Andovoranto,Madagascar
356,Tagtune,0268-6508,265-551-0890,Svobody,Russia
357,Gabspot,0615-7757,990-941-6477,Necochea,Argentina
358,Dabvine,49726-019,424-198-6743,Timurjaya,Indonesia
359,Eamia,54868-2399,666-877-0982,Allealle,Indonesia
360,Thoughtstorm,54868-4605,238-272-2684,Xinpu,China
361,Reallinks,49726-032,594-324-1120,Kut Rang,Thailand
362,Twitterwire,64679-986,959-670-5321,Mīr Bachah Kōṯ,Afghanistan
363,Ntags,11822-0344,778-534-0078,Negreiros,Portugal
364,Tagchat,49999-118,198-598-3883,Camalote,Honduras
365,Edgeblab,37808-180,844-205-4507,Kampánis,Greece
366,Tekfly,62839-0812,576-892-3002,Arrentela,Portugal
367,Topdrive,0378-0357,749-914-4618,Piła,Poland
368,Jetpulse,0641-6041,249-899-6862,Hamar,Norway
369,Yoveo,35000-834,678-387-0488,Marne-la-Vallée,France
370,Buzzshare,63550-158,746-303-5134,Qarah Bāgh,Afghanistan
371,Bubbletube,58668-2681,589-717-2889,Nyala,Sudan
372,Jaxbean,56104-301,569-954-0388,Palopat,Indonesia
373,Babbleset,60429-117,791-859-0142,Forino,Macedonia
374,Thoughtstorm,55154-6996,250-629-8232,Chatou,China
375,Buzzbean,98132-167,337-933-2863,Nirji,China
376,Edgewire,10481-3008,761-724-1487,Navotas,Philippines
377,Jaxbean,21130-831,275-439-6492,Matang,China
378,Zoombox,42291-688,489-795-7917,Dalupaon,Philippines
379,Trilith,67234-002,182-757-9539,Shuanggang,China
380,Dynazzy,0378-8880,287-569-6731,Velenje,Slovenia
381,Mynte,49852-034,733-721-0217,Banjar Delodrurung,Indonesia
382,Mita,11819-282,285-406-6431,Zhougao,China
383,Yakijo,11489-073,700-561-7833,Ban Pong,Thailand
384,Kwimbee,0185-0410,775-219-0017,Dzuunmod,Mongolia
385,Zoozzy,0409-1894,331-618-8218,Laval,France
386,Tagchat,0904-5675,777-396-0460,Ust’-Koksa,Russia
387,Eabox,0574-0113,138-854-9428,Vagney,France
388,Photobean,57520-0920,632-634-3807,Gondifelos,Portugal
389,Dablist,33261-146,806-910-2580,Longbei,China
390,Browsedrive,49430-048,793-782-8712,Huangtugang,China
391,Cogibox,29500-1000,665-663-1013,Si Mahosot,Thailand
392,Skalith,0054-3270,279-232-9473,Perštejn,Czech Republic
393,Oyondu,35356-545,899-103-5952,Gómfoi,Greece
394,Rhynoodle,36987-1524,609-276-5562,Xiushan,China
395,Flipopia,64533-000,404-359-0259,Pedro Miguel,Portugal
396,Oyonder,68084-077,973-929-7012,Cikijing,Indonesia
397,Jazzy,60681-1703,890-305-6256,Kallar Kahār,Pakistan
398,Rhycero,55316-459,789-273-9615,Angers,France
399,Divape,0781-1034,150-995-2651,Muḩambal,Syria
400,Edgewire,0268-7000,127-623-3356,Nanshi,China
401,Buzzshare,51346-117,666-513-4210,Zhangyelu,China
402,Tazzy,52584-495,926-628-2858,Miaoshi,China
403,Thoughtstorm,50181-0001,139-704-2816,Loreto,Philippines
404,Thoughtstorm,0363-0982,186-419-2386,Jinhaihu,China
405,Feedfish,50436-5891,721-589-3431,Sopron,Hungary
406,Plambee,35356-655,542-174-1825,Cibungur,Indonesia
407,Trudoo,18860-323,233-648-6041,Przemyśl,Poland
408,Einti,64942-1059,591-717-4855,Pohonsirih,Indonesia
409,Agimba,36987-2798,903-592-4749,Cumanayagua,Cuba
410,Ozu,68391-110,210-651-6232,København,Denmark
411,Jaxworks,49035-519,420-633-8926,Gajah,Indonesia
412,Topicware,0363-0411,726-896-9655,Buturlinovka,Russia
413,Yozio,60758-188,447-487-8958,Sámara,Costa Rica
414,Wikido,49288-0465,853-708-0153,Na Chaluai,Thailand
415,Einti,0781-1228,303-658-7880,Aurora,United States
416,Realcube,59762-0158,804-499-4152,Kuzhu,China
417,Brainbox,42507-332,666-954-3788,Marathókampos,Greece
418,Jabberbean,68745-1024,412-437-6583,Stung Treng,Cambodia
419,Quaxo,0093-7116,538-147-4095,Kaburon,Indonesia
420,Skiptube,11822-0958,646-498-1536,Sillon,Philippines
421,Aibox,66613-8148,751-148-9312,Pondokunyur,Indonesia
422,Skyvu,68828-103,236-968-7621,Luotuo,China
423,Zoonder,76095-100,768-961-6025,Nggambel,Indonesia
424,Fivechat,65162-511,935-867-4179,Kabardinka,Russia
425,Eabox,0603-4662,233-216-8571,Mariquita,Colombia
426,Linktype,55714-8009,723-522-3295,Dadian,China
427,Shuffledrive,0395-1670,966-256-4515,Ete,Nigeria
428,Feednation,59667-0109,913-929-2796,Nyzhnya Krynka,Ukraine
429,Innojam,62670-4822,327-240-4588,Cahors,France
430,Mydo,13734-035,388-595-6044,Volksrust,South Africa
431,Kwideo,53346-1314,301-387-5420,Rio Preto da Eva,Brazil
432,Devshare,61715-022,846-298-5866,Santa Ana,Venezuela
433,Tagpad,54868-5645,799-247-5613,Nepomuceno,Brazil
434,Rhynoodle,13533-691,113-722-4278,El Arañado,Argentina
435,Innojam,52849-100,637-636-0997,Kilinochchi,Sri Lanka
436,Topiclounge,30142-409,587-684-3705,Utrecht,South Africa
437,Mydo,36987-1527,428-368-0710,Sugiharjo,Indonesia
438,Twinte,64768-2918,178-125-4288,Pawłowiczki,Poland
439,Wikivu,67938-1023,394-649-9279,Biskamzha,Russia
440,Dynabox,52544-630,166-787-2141,Dapchi,Nigeria
441,Jayo,55670-109,925-136-0756,Banocboc,Philippines
442,Twitternation,68788-9959,235-259-0426,Néo Psychikó,Greece
443,Skalith,53808-0958,515-979-9035,Des Moines,United States
444,Skivee,58414-3507,624-199-9414,Al Qūşīyah,Egypt
445,Oyoloo,53808-0266,142-550-1166,Nāḩīyat Saddat al Hindīyah,Iraq
446,BlogXS,50458-388,212-109-3605,Gakem,Nigeria
447,Zoomcast,47335-005,698-127-2841,Radlje ob Dravi,Slovenia
448,Jabberbean,0942-9395,112-655-8144,Aliaga,Philippines
449,Zava,0519-1199,739-775-7328,Ḩabūr,Yemen
450,Realfire,66336-801,543-222-2237,Boguchar,Russia
451,Gabtype,16590-244,910-848-2155,Baclayon,Philippines
452,Kamba,47335-047,749-113-8759,Pau,France
453,Realmix,11673-081,954-957-7594,Qishn,Yemen
454,Youtags,51531-4102,504-611-5915,Arkhaía Kórinthos,Greece
455,Fivechat,62584-734,304-445-2521,Hässelby,Sweden
456,Vitz,46122-022,634-335-8047,Karakabak,China
457,Zooveo,42291-109,349-620-3077,Daja,Indonesia
458,Photobean,0703-0113,430-647-7000,Xibër-Murrizë,Albania
459,Dabshots,0310-0412,454-165-5034,Kaliro,Uganda
460,Wikido,68747-6030,822-128-8426,Lubień Kujawski,Poland
461,Meeveo,29500-0035,531-841-6105,Kumagaya,Japan
462,Yacero,68180-337,619-441-5149,Solikamsk,Russia
463,Voonyx,0316-2055,346-909-4943,Çlirim,Albania
464,Twitterlist,21695-300,696-838-1762,Stari Kuty,Ukraine
465,Gabspot,33261-349,524-247-0592,Kokkinóchoma,Greece
466,Brainbox,60512-6566,580-459-1995,Gabès,Tunisia
467,Vinte,0013-8717,255-872-5159,Guanjiabao,China
468,Zooxo,25021-814,772-728-6624,Duboka,Serbia
469,Agivu,0338-1119,448-733-3515,Guaymango,El Salvador
470,Innojam,11673-260,682-409-1146,Bedinje,Macedonia
471,Yambee,11822-0742,706-489-4435,Tunasbaru,Indonesia
472,Skibox,49999-291,610-572-3727,Novikovo,Russia
473,Youtags,0378-0047,461-662-1956,Bayt ‘Anān,Palestinian Territory
474,Feedmix,0025-1411,903-956-6632,Tyler,United States
475,Muxo,0093-4175,389-393-9425,Phayuha Khiri,Thailand
476,Wikido,29500-2434,490-993-4124,Vale de Figueira,Portugal
477,Zazio,13537-374,735-949-3837,Gori,Georgia
478,Dabfeed,57344-123,655-510-4255,Biliri,Nigeria
479,Avaveo,55319-377,367-203-2185,Santo Domingo,Philippines
480,Mydeo,58118-0157,291-143-3463,Maastricht,Netherlands
481,Skynoodle,67253-263,907-567-3037,Cruzeiro,Portugal
482,Avamba,64942-1106,774-613-3012,Clarines,Venezuela
483,Teklist,52125-611,176-357-1320,Otyniya,Ukraine
484,Livepath,0363-0299,463-431-1917,Kraczkowa,Poland
485,Leenti,55926-0018,221-623-7647,Verkhniye Kigi,Russia
486,Wikivu,37205-215,104-197-9459,Pita Kotte,Sri Lanka
487,Nlounge,68788-9548,419-321-0754,Lingcheng,China
488,Skipstorm,0781-5668,990-466-7430,Kogon,Uzbekistan
489,Yoveo,0517-0750,465-317-0673,Pumwani,Kenya
490,Flipopia,0944-2814,755-536-1232,Kotakan Selatan,Indonesia
491,Browsedrive,21695-528,756-214-1332,Pickering,Canada
492,Yodo,0527-1475,999-674-2052,Famatina,Argentina
493,Feedmix,17089-348,579-380-7349,Kuangyuan,China
494,Blogspan,35000-877,841-976-8974,Aţ Ţīrah,Palestinian Territory
495,Browsebug,0555-9049,924-997-7219,Barrancas,Venezuela
496,Eare,55154-6228,144-354-6940,Huangpi,China
497,Blogtag,37205-743,363-693-1589,Zavolzh’ye,Russia
498,Feedfire,61336-001,992-716-2068,Margasana,Indonesia
499,Gevee,42507-477,795-778-8889,Palmira,Cuba
500,Zoomzone,67296-0041,328-821-0951,Ljutomer,Slovenia
501,Mydo,49348-742,444-393-5614,Nguigmi,Niger
502,Mybuzz,51758-003,557-773-5644,Semënovskoye,Russia
503,Twitterlist,35356-758,457-618-6873,Bīrganj,Nepal
504,Wordtune,58930-024,847-321-4036,Nanyang,China
505,Oyoloo,68828-154,644-807-9263,Tongzhong,China
506,Riffpath,13537-219,146-613-8351,Kotli Lohārān,Pakistan
507,Devpulse,53329-004,201-416-3770,Verkhnyachka,Ukraine
508,Feedbug,66593-3126,155-318-5864,Shajing,China
509,Camimbo,11344-626,887-422-4626,Fanzeres,Portugal
510,Oyoba,55118-600,679-499-0998,Az Zaytūnīyah,Palestinian Territory
511,Browsezoom,0087-6671,759-143-6958,Ciepielów,Poland
512,Zoonder,66761-322,121-938-9947,Jiangwakou,China
513,Topdrive,11673-127,118-646-8627,Pueblo Nuevo,Panama
514,Twitterwire,42291-899,839-801-4328,San Rafael,Philippines
515,Fivechat,68084-016,582-132-5495,Prochowice,Poland
516,Zoozzy,0135-0533,705-888-2854,Jugantang,Indonesia
517,Feedmix,52533-028,935-367-7490,Capacmarca,Peru
518,Skimia,52125-750,496-418-6955,Shuangjiang,China
519,Reallinks,54162-269,135-262-6622,Sakaraha,Madagascar
520,Jabbersphere,63459-910,395-367-7531,Sokolo,Mali
521,Photolist,49999-627,871-368-6404,Hanfeng,China
522,Tanoodle,52584-019,214-112-1145,Mulan,China
523,Oodoo,21695-151,908-414-6275,Ledenice,Czech Republic
524,Browsebug,0113-0393,939-506-5343,Banqiao,China
525,Mydeo,64536-6102,451-572-1504,Araucária,Brazil
526,Zava,42254-243,858-874-3648,Girihieum,Indonesia
527,Edgeclub,49999-877,237-646-9551,Raphoe,Ireland
528,Jabberbean,0115-1460,783-422-5565,Thamaga,Botswana
529,Twitterworks,76237-108,337-343-6698,Sunja,Croatia
530,Twitterbridge,10337-803,123-109-8710,Thành phố Bạc Liêu,Vietnam
531,Mycat,63304-099,995-147-7540,Songshan,China
532,Muxo,65044-1341,888-432-6835,Fujisawa,Japan
533,Bubbletube,59088-114,389-224-5002,Lazaro Cardenas,Mexico
534,Fivechat,44911-0059,187-799-7491,Bukal,Philippines
535,Izio,66336-819,192-391-3185,Bairro Assunção Piedade,Portugal
536,Twitterlist,63629-1597,790-176-1284,Tršić,Serbia
537,Npath,50438-400,239-217-9478,Lupao,Philippines
538,Quimba,11344-245,223-156-9623,Municipio de Copacabana,Colombia
539,Photojam,41520-571,907-315-0703,Anchorage,United States
540,Devify,0517-4201,253-155-2937,Xidoupu,China
541,Fivechat,43498-250,985-615-1252,Qiting,China
542,Voolith,55910-322,828-421-6864,Jaguariaíva,Brazil
543,Flashdog,57955-8315,264-681-7111,Aguitu,China
544,Topicshots,49288-0214,482-152-0760,Fangzheng,China
545,Tambee,49349-102,446-341-7058,Ntaur Satu,Indonesia
546,Edgeify,65862-189,541-857-1994,Fengtai Chengguanzhen,China
547,Dazzlesphere,0615-7562,731-782-5822,Zhinvali,Georgia
548,Centizu,42582-100,201-737-9064,Thepharak,Thailand
549,Oyope,64942-1182,584-512-8825,El Guapinol,Honduras
550,Jabberbean,0904-5731,874-832-8179,Borne Sulinowo,Poland
551,Voomm,36987-1270,112-425-7989,Jamao al Norte,Dominican Republic
552,Jabbersphere,59262-360,133-783-1929,Paola,Malta
553,Twitterbeat,47219-200,218-252-9591,Tacna,Peru
554,Bluezoom,62908-011,673-231-3904,Rizómata,Greece
555,Meevee,68094-325,225-387-8174,Sinyavino,Russia
556,Agimba,61722-003,685-598-0252,Sinarbakti,Indonesia
557,Trupe,67692-339,890-440-3618,Bashtanka,Ukraine
558,Youspan,52424-0002,923-727-0291,Taliouine,Morocco
559,Thoughtworks,67296-0538,737-577-3255,Kabar Utara,Indonesia
560,Quatz,68645-351,305-769-7625,Amphawa,Thailand
561,Avavee,54868-6018,613-369-2050,Xinji,China
562,Photobug,68084-558,789-456-0950,Jarada,Indonesia
563,Devify,68308-145,667-584-2187,Valence,France
564,Skyvu,0603-5801,799-170-6549,Dubu,China
565,Jaxworks,64679-105,566-221-5473,Nizhnyaya Maktama,Russia
566,Lazzy,68180-180,658-629-9771,Ivanovo,Russia
567,Jayo,31190-700,826-891-1400,Svoboda nad Úpou,Czech Republic
568,Divavu,49288-0916,479-406-3967,Port Glaud,Seychelles
569,Mynte,54868-5377,506-384-0354,Rodniki,Russia
570,Brightdog,61786-001,842-188-7531,Liopétri,Cyprus
571,Divape,0078-0249,532-286-1070,Duiwelskloof,South Africa
572,Fivechat,47682-237,984-411-3792,Lyubotyn,Ukraine
573,Blogpad,0187-5162,397-684-4274,Nova Russas,Brazil
574,Aivee,59779-511,146-100-5367,Sukmoilang,Indonesia
575,Linkbuzz,64725-3005,410-226-8650,Laḩij,Yemen
576,Skajo,0615-4546,843-405-8372,Bile,Ukraine
577,Blogspan,53808-0871,230-229-8224,Lupon,Philippines
578,Flipbug,68788-9411,434-483-3034,Estela,Portugal
579,Minyx,16714-025,613-294-3505,Peterborough,Canada
580,Topicware,0378-6089,749-797-1673,Sali,Croatia
581,Voonyx,25010-813,435-385-2357,Shestakovo,Russia
582,Feedspan,46084-051,361-446-7582,Longxing,China
583,Centimia,52584-783,733-645-9307,Opoczno,Poland
584,Camimbo,17478-544,785-236-0282,Zhangyang,China
585,Brainsphere,63824-499,309-626-0927,Thiers,France
586,Jazzy,53808-0625,734-419-7883,Ashkāsham,Afghanistan
587,Roomm,68645-486,101-494-5672,Trzcinica,Poland
588,Livefish,43772-0004,339-799-5849,Mekarsari,Indonesia
589,Feedfish,0904-6341,579-101-9926,Gowarczów,Poland
590,Blogtag,65601-744,736-925-1672,Lisovi Sorochyntsi,Ukraine
591,Yodoo,21130-199,929-477-0200,Langsa,Indonesia
592,Roomm,61715-060,889-515-9932,Dasheng,China
593,Thoughtworks,0904-5941,209-702-4502,Lushnjë,Albania
594,Bubblemix,51191-2016,149-203-7333,Aghavnatun,Armenia
595,Livepath,0904-4277,630-627-8028,Naperville,United States
596,Quinu,50458-355,975-317-4266,Henggang,China
597,Topicstorm,0113-0186,843-409-0222,Hetang,China
598,Wordware,60760-370,754-250-1892,Valence,France
599,Tagopia,60505-0176,831-433-1240,Straszydle,Poland
600,Bubblebox,54868-4593,849-577-4272,Narong,China
601,Avaveo,49999-010,982-703-4513,Jingyang,China
602,Gigabox,13668-132,386-448-8467,Daze,China
603,Feedmix,0363-0706,533-158-6442,Bailieborough,Ireland
604,Thoughtbeat,0527-1050,215-394-2740,Messejana,Portugal
605,Kayveo,68639-0001,500-993-3042,Deneysville,South Africa
606,Topicshots,68428-740,870-362-3405,Alarobia,Madagascar
607,Plambee,10702-004,878-809-7993,Ono,Japan
608,Lazzy,53808-0668,655-377-9752,Taman,Indonesia
609,Skiba,63874-532,965-214-9672,Ipoh,Malaysia
610,Avamm,52533-148,909-970-8510,Sila Lat,Thailand
611,Babbleopia,63629-3312,935-287-4498,Chiguayante,Chile
612,Brainverse,0009-5191,234-254-2159,Nancun,China
613,Centizu,54340-233,280-789-7092,Kotovs’k,Ukraine
614,Innotype,17478-151,250-609-1180,Metković,Croatia
615,Jabberbean,52125-140,221-641-2649,Balyqshy,Kazakhstan
616,Pixoboo,59137-510,195-407-1321,Boguchar,Russia
617,Oba,53185-003,912-627-6498,Putrajawa,Indonesia
618,Thoughtmix,43478-242,475-405-8425,Apóstoles,Argentina
619,Thoughtstorm,55316-140,548-365-5965,Aytos,Bulgaria
620,Realmix,12488-0200,243-910-7862,Hatton,Sri Lanka
621,Aimbo,68462-297,114-367-4159,Wantian,China
622,Vitz,50021-302,278-105-6589,Malinao,Philippines
623,Kaymbo,0519-8802,632-418-1158,Kebunan,Indonesia
624,Tagopia,0591-0444,648-491-8648,Dalu,China
625,Agivu,46123-027,683-303-2020,Sariwŏn,North Korea
626,Skaboo,16590-308,212-404-9130,Amherstburg,Canada
627,Mydeo,54868-1432,595-304-8273,Morant Bay,Jamaica
628,Fiveclub,10370-390,982-274-6105,Lunik,Albania
629,Zoonder,63824-280,130-176-2432,Zhulin,China
630,Thoughtmix,36987-1390,512-722-1397,Vizal San Pablo,Philippines
631,Bubblemix,0268-0292,709-578-4934,Villaviciosa,Philippines
632,Dabtype,11084-262,571-922-6256,Merrifield,United States
633,Centidel,64117-103,879-338-1792,Ralevka,Ukraine
634,Gigashots,60681-3105,534-197-4065,Antwerpen,Belgium
635,Thoughtblab,11822-5022,792-248-0371,Vitomarci,Slovenia
636,Geba,49288-0350,271-347-8206,Rizal,Philippines
637,Buzzbean,55504-0100,396-190-9916,El Fahs,Tunisia
638,Kimia,37000-816,443-811-3929,Mülheim an der Ruhr,Germany
639,Voolith,36987-1780,113-246-0705,Albertville,France
640,Meemm,55700-018,647-807-6246,Pemex,Mexico
641,Edgepulse,14783-435,219-759-4361,Gary,United States
642,Demivee,36987-1595,777-302-2341,Paço,Portugal
643,Tagchat,47202-1503,396-889-4025,Kadubadak,Indonesia
644,Quire,64942-1297,140-555-0984,Braço do Norte,Brazil
645,Buzzster,50231-311,211-744-0713,Qaram Qōl,Afghanistan
646,Bluejam,10019-120,378-449-0658,Padre Bernardo,Brazil
647,Topiczoom,44873-005,917-782-8792,Jīwani,Pakistan
648,Youfeed,44206-532,762-346-7979,Richmond,New Zealand
649,Janyx,41520-296,250-574-4865,Ramos,Philippines
650,Twinte,52686-302,748-299-8390,Shagedu,China
651,Yakidoo,55289-036,391-915-2851,Bcharré,Lebanon
652,Browsecat,61128-001,618-709-6573,Peña Blanca,Honduras
653,Photolist,35192-014,354-380-8388,Châteaudun,France
654,Blogspan,63323-762,605-864-7322,Mŭynoq,Uzbekistan
655,Edgeblab,10812-339,577-163-2287,Malanje,Angola
656,Skinix,61995-0320,313-835-9046,Lianhua,China
657,Leexo,0574-4022,446-379-5524,Bukuru,Nigeria
658,Gevee,54868-5570,944-702-4327,Bhokadoke,Indonesia
659,Browsezoom,54868-2276,495-699-9547,Poncokusumo,Indonesia
660,Ntag,76378-015,434-279-0975,Uddevalla,Sweden
661,Skynoodle,49288-0255,681-679-9288,Nantes,France
662,LiveZ,52124-0112,155-656-1009,Bang Phae,Thailand
663,Voolia,49349-583,799-760-4011,Melchor de Mencos,Guatemala
664,Tazz,55910-668,785-252-5345,Putina,Peru
665,Youfeed,55289-176,432-902-5213,Odessa,United States
666,Zoomlounge,46994-852,986-799-0667,Skänninge,Sweden
667,Babbleopia,46122-170,601-617-9253,Santiago,Philippines
668,Tazz,55154-2852,150-769-1473,Cerava,Albania
669,Dabtype,62206-4703,779-200-5854,Charlemagne,Canada
670,Jaxbean,36987-2285,523-669-7500,Ivanec,Croatia
671,Yoveo,67718-939,834-615-4402,Gudong,China
672,Browsecat,57337-039,818-570-8049,Al Mawşil al Jadīdah,Iraq
673,Bubblemix,10544-047,713-789-0922,Pruszcz,Poland
674,Skynoodle,61957-0550,810-549-2448,Adolfo Ruiz Cortines,Mexico
675,Quatz,21695-624,857-610-1183,Sinait,Philippines
676,Rhynoodle,30142-561,155-109-9187,Mingyuedian,China
677,Dabshots,0904-6185,776-567-3251,Kuzhuping,China
678,Cogilith,43353-178,463-132-1684,Xinglong,China
679,Oba,65923-077,725-127-0453,Pilang,Indonesia
680,Quamba,54569-2507,861-183-6869,Xijiang,China
681,Fadeo,0904-6092,819-266-8740,Pawitan,Indonesia
682,Pixope,11673-622,237-884-0629,Xiangshui,China
683,Miboo,63029-222,534-877-4772,Sendangrejo,Indonesia
684,Avavee,54569-5800,855-326-0904,Dadong,China
685,Oyope,0039-0024,287-388-1017,San Miguel,Mexico
686,Kare,60429-149,469-603-4842,Dachnoye,Russia
687,Skynoodle,21695-598,207-441-5973,Lubowidz,Poland
688,Edgeify,52318-002,298-304-9223,Matwaḩ,Yemen
689,Cogibox,64536-1269,307-155-2333,Kiuola,Indonesia
690,Realbridge,49288-0366,214-626-0992,Nysa,Poland
691,Riffwire,11344-984,728-784-3565,Shuikou,China
692,Photobug,24385-214,577-785-6922,Flen,Sweden
693,Thoughtblab,49908-237,569-350-9821,San Ricardo,Philippines
694,Livetube,0603-2435,939-522-2153,Meia Via,Portugal
695,Flipopia,55316-951,670-276-1484,Donglu,China
696,Teklist,66658-102,739-559-8684,Kuroda,Japan
697,Mudo,66521-113,655-427-9661,Shalazhi,Russia
698,Cogilith,41163-302,925-356-5459,Sanqishi,China
699,Yakijo,41520-165,961-291-2150,Jembayan Hitam,Indonesia
700,Avavee,36987-1590,802-528-2733,Tanlin,China
701,Dabfeed,54569-0905,735-302-3515,Chavarría,Argentina
702,Tavu,0409-7923,965-483-0071,Tagta,Turkmenistan
703,Quimba,16590-185,226-509-4325,Suzhou,China
704,Twitterwire,0091-6705,697-801-2438,Nová Cerekev,Czech Republic
705,Wikizz,54569-5487,941-497-2307,Byera Village,Saint Vincent and the Grenadines
706,Edgetag,54575-912,336-431-7760,Nizhniy Chir,Russia
707,Topicshots,98132-181,446-146-9079,Kazlų Rūda,Lithuania
708,Brightdog,37808-397,898-235-9541,Kostarea Satu,Indonesia
709,Mita,61703-304,405-151-6613,Richmond,Canada
710,Realcube,65954-560,469-301-0051,Napnapan,Philippines
711,Babblestorm,58118-0466,537-632-9239,Ullulluco,Peru
712,Skalith,51808-210,801-922-6395,Ccuntuma,Peru
713,Browsetype,52183-365,667-820-9153,Östersund,Sweden
714,Tagchat,76204-100,186-732-8781,Lezhë,Albania
715,Meembee,0781-1078,658-131-4906,Stockholm,Sweden
716,Tanoodle,16590-544,530-295-5766,Hihyā,Egypt
717,Flashpoint,52410-3020,767-914-1018,Blangpulo,Indonesia
718,Kimia,51862-162,421-475-2090,Sar Chakān,Afghanistan
719,Tagtune,63323-125,526-540-7961,Częstochowa,Poland
720,Dynava,50436-3098,630-944-6049,Kaizuka,Japan
721,Yambee,13537-121,669-171-9656,Buritama,Brazil
722,Photojam,59779-108,659-353-3734,Mabugang,China
723,Talane,24453-200,887-309-4280,Mauá,Brazil
724,Browseblab,51401-030,229-950-1205,Jablah,Syria
725,Voonte,55154-4522,582-176-7655,Hezhi,China
726,Roodel,55111-179,703-140-6124,Chahe,China
727,Tambee,57955-0101,759-610-7250,Stanisław Dolny,Poland
728,Wikizz,50332-0127,404-637-6092,Hŭngju-dong,North Korea
729,Flashdog,55289-148,912-105-1403,Savannah,United States
730,Zoombeat,0093-0739,193-848-7722,Zhongbu,China
731,Youfeed,36987-2277,468-807-9066,Chaykovskaya,Russia
732,Cogidoo,41415-048,279-914-6469,Jiangcheng,China
733,Jatri,0173-0829,803-466-8578,Polańczyk,Poland
734,Kanoodle,63629-1597,158-815-3149,Sokarame,Indonesia
735,Gigabox,13537-004,532-931-9025,Bistrica pri Tržiču,Slovenia
736,Brainsphere,53499-7133,546-497-5829,Yigo Village,Guam
737,Avaveo,55154-3925,260-438-6654,Dammarie-les-Lys,France
738,Brightbean,51009-166,778-181-9875,Alegria,Philippines
739,Ozu,42411-080,971-864-9550,Denov,Uzbekistan
740,Kare,11559-008,458-830-7933,Henglan,China
741,Cogibox,59746-383,220-192-4920,Cisownica,Poland
742,Zava,0395-1685,539-441-4813,Mairana,Bolivia
743,Feednation,67938-1472,888-929-6394,Bunigeulis,Indonesia
744,Dazzlesphere,66435-102,602-127-8779,Couva,Trinidad and Tobago
745,Riffpedia,49349-530,407-376-9181,Mirimire,Venezuela
746,Eidel,36987-3059,736-479-8076,Ţāmiyah,Egypt
747,Digitube,60512-6469,229-387-2797,Avon,France
748,Quatz,49349-941,208-882-4764,Kassala,Sudan
749,Skibox,41268-255,286-903-3291,Mwene-Ditu,Democratic Republic of the Congo
750,Leexo,0591-2465,753-363-4010,Ejido,Venezuela
751,Brainlounge,68400-355,287-860-2898,Gnieżdżewo,Poland
752,Brightdog,55154-9434,623-116-6624,Hope,Canada
753,Kwinu,65162-050,990-679-1765,Saint-Constant,Canada
754,Fivebridge,43547-223,689-809-0885,Huacaschuque,Peru
755,Talane,49288-0277,312-815-4241,Owode,Nigeria
756,Leenti,67510-0251,476-266-0522,Cabusao,Philippines
757,Meeveo,0268-0012,766-493-7421,Fier-Çifçi,Albania
758,Ailane,63739-557,224-470-0283,Garango,Burkina Faso
759,Mynte,65862-051,174-590-9099,Jiangkou,China
760,Browsezoom,51206-305,887-175-0579,Paurito,Bolivia
761,Skynoodle,0781-5560,303-186-8575,Denver,United States
762,Rhyzio,49288-0813,523-228-7925,Izlake,Slovenia
763,Thoughtsphere,43742-0202,588-622-0513,Bashtanka,Ukraine
764,Skaboo,34690-7001,187-741-4312,Ketanen,Indonesia
765,Fliptune,60505-0584,504-275-2527,Alkmaar,Netherlands
766,Youbridge,44911-0009,942-962-0252,Salgueiro,Brazil
767,Thoughtworks,63517-112,152-277-8593,Jambu,Indonesia
768,Izio,54868-0024,202-377-6895,Independencia,Mexico
769,Brainbox,36987-1127,854-255-6758,Kizil,China
770,Myworks,33261-173,847-892-2237,Vodňany,Czech Republic
771,Agimba,60760-128,947-588-6643,Rivadavia,Argentina
772,Aivee,63739-141,359-791-5870,Stepnica,Poland
773,Yakidoo,10144-594,891-760-0879,Staré Město,Czech Republic
774,Oodoo,76420-770,536-627-1651,Andrijevica,Montenegro
775,Mycat,54738-953,997-304-4542,Seixezelo,Portugal
776,Eayo,60512-6183,239-663-3998,Leština,Czech Republic
777,Zoonder,63481-183,454-547-2547,Santa Catalina,Peru
778,Devshare,43319-040,762-876-8436,Looc,Philippines
779,Youfeed,43857-0334,343-734-7832,Huyunxiang,China
780,Edgeblab,61589-6008,773-521-8094,P’rimorsk’oe,Georgia
781,Voonder,48951-7055,664-197-0952,Zoumaling,China
782,Tagchat,51079-391,606-641-2672,Empório,Greece
783,Voomm,43493-0001,327-926-1768,Mujães,Portugal
784,Podcat,59316-101,779-662-6825,Krasnorechenskiy,Russia
785,Fiveclub,51862-171,645-978-1853,Enskede,Sweden
786,Kazio,21130-025,826-191-4275,Whitegate,Ireland
787,Realcube,50114-7060,890-348-9140,Itbayat,Philippines
788,Photospace,41250-957,580-717-9054,Pego Longo,Portugal
789,Brightdog,0113-0657,605-619-5253,Dawuhan,Indonesia
790,Leexo,59746-015,610-818-9591,Oskarshamn,Sweden
791,Brainlounge,63505-005,501-892-2769,Lela,Indonesia
792,Mydo,33342-038,286-557-4784,Vällingby,Sweden
793,Viva,36800-462,631-503-0344,Krajan Bejagung,Indonesia
794,Brainbox,55289-419,477-574-0827,Jindřichov,Czech Republic
795,Voomm,66472-023,522-677-6520,Fátima,Portugal
796,Meevee,65044-3696,240-572-3292,Manorom,Thailand
797,Jazzy,64980-135,595-711-6428,Houbai,China
798,Photospace,25021-454,531-597-8072,Banjarjo,Indonesia
799,Zava,68151-4069,831-898-8967,Tuluá,Colombia
800,Skynoodle,37000-060,267-812-1145,Markog,China
801,Zoomzone,10356-351,943-487-5948,Chernigovka,Russia
802,Realbridge,65841-712,763-654-6554,Minneapolis,United States
803,Divanoodle,0043-0483,956-895-7782,Velké Bílovice,Czech Republic
804,Skinder,69020-202,391-309-9802,Karlovy Vary,Czech Republic
805,Voomm,68180-392,677-828-7687,Sakai,Japan
806,Wordpedia,53145-308,813-368-7712,Kelaniya,Sri Lanka
807,Yodo,66365-001,822-274-5467,Ningde,China
808,Photobean,34645-2712,325-669-6851,Jiebu,China
809,Gabtune,21695-136,673-956-7147,Doghs,Armenia
810,Realcube,68084-203,310-974-6243,Bor Tungge,China
811,Quatz,50730-1016,862-981-1309,Vitali,Philippines
812,Oloo,51079-246,909-446-0230,Malabag,Philippines
813,Thoughtbridge,0310-0133,726-909-8785,Posedarje,Croatia
814,Chatterbridge,63629-4129,461-581-9092,Torkanivka,Ukraine
815,Photojam,68745-1128,545-387-8604,Sancha,China
816,Dazzlesphere,53150-317,784-613-1113,Makedonski Brod,Macedonia
817,Ntag,68084-337,911-509-5487,Qinghua,China
818,Voonyx,57520-0021,468-807-0426,Miguel Calmon,Brazil
819,Innojam,52426-120,132-167-8537,Xiangfu,China
820,Viva,59762-3717,587-171-4736,Spokoynaya,Russia
821,Vidoo,50845-0106,983-537-4177,Shuangqiao,China
822,Abata,11716-9637,893-197-9132,Lao Suea Kok,Thailand
823,Zazio,59640-104,799-506-8342,Casa Nova,Portugal
824,Devify,58914-301,820-468-0013,Paciran,Indonesia
825,Chatterpoint,49514-075,400-528-7037,Garcia Hernandez,Philippines
826,Nlounge,41250-177,421-612-4637,São Domingos,Cape Verde
827,Flashdog,37808-011,677-628-5301,Buyunshan,China
828,Demizz,55154-2877,156-173-9957,Le Grand-Quevilly,France
829,Katz,0781-7171,407-953-5344,Kāshmar,Iran
830,Livefish,49035-054,177-834-4833,Kudanding,Philippines
831,Zooveo,15828-206,712-851-9966,Omaha,United States
832,Ntag,60505-0164,580-716-9355,Kafr Sawm,Jordan
833,Plajo,36987-2302,173-697-8053,Dejen,Ethiopia
834,Bluezoom,69017-201,210-818-6061,Khong Chai,Thailand
835,Wordpedia,13537-406,157-349-9655,Al Lubban al Gharbī,Palestinian Territory
836,Dazzlesphere,24470-906,291-175-7024,Wulong,China
837,Plambee,54868-5005,944-439-0762,Mendī,Ethiopia
838,Oba,54641-002,516-916-7146,Colonia Elía,Argentina
839,Edgeblab,24208-344,343-308-1510,Erong,China
840,Tavu,62207-365,364-219-6645,Garagoa,Colombia
841,Quire,11822-0751,912-945-1988,Ailigandí,Panama
842,Brainverse,55648-711,141-450-3907,Carapicuíba,Brazil
843,Zoomzone,43419-746,465-466-2249,As Sayyānī,Yemen
844,Tambee,0574-2061,533-769-6994,Ðà Lạt,Vietnam
845,Babblestorm,43305-1030,414-393-2875,Lianhe,China
846,Wikibox,68703-136,930-808-5049,Antíparos,Greece
847,Skiba,54868-4492,427-472-2982,Songshan,China
848,Riffpath,44001-321,492-572-3723,Moyo,Uganda
849,Thoughtsphere,13537-604,781-525-6918,Savran’,Ukraine
850,DabZ,10812-357,802-176-7398,Ilinden,Macedonia
851,Thoughtbeat,60793-607,443-558-8823,Oras,Philippines
852,Photobug,0363-5270,879-342-0683,Nahiyat Ghammas,Iraq
853,Skyvu,55789-0101,270-397-0631,Tabaquite,Trinidad and Tobago
854,Blogpad,0113-0441,197-554-9689,Nampula,Mozambique
855,Yakitri,16110-260,531-718-8586,Sanchang,China
856,Livepath,10191-1589,836-363-9938,Dresden,Germany
857,Eidel,0113-1411,712-694-7803,Maguilling,Philippines
858,Muxo,53041-412,132-620-8271,Bagangan,Indonesia
859,Realpoint,10237-833,703-782-4986,Szlachta,Poland
860,Feedspan,59779-570,314-642-6859,Casablanca,Morocco
861,Zoombeat,57913-2857,969-280-7419,Dourados,Brazil
862,Quinu,68382-543,158-486-7364,Passos,Portugal
863,Kwinu,0378-0211,583-972-8228,Narong,China
864,Viva,63776-385,904-603-1748,Néa Karyá,Greece
865,Skynoodle,51672-2088,762-277-4688,Hong Kong,Hong Kong
866,Quinu,55312-917,998-429-7292,Pasongsongan,Indonesia
867,Edgeclub,52584-276,989-476-1303,Al Bawīţī,Egypt
868,Aivee,36987-1232,108-906-9068,Karanyowka,Belarus
869,Voonder,55301-821,800-136-6163,Pudoc North,Philippines
870,Thoughtblab,50742-152,662-670-3985,Bousso,Chad
871,Photobean,53199-100,139-401-4042,Kiraman,Indonesia
872,Youbridge,52685-384,400-375-1108,Tulay,Philippines
873,Meevee,64679-274,622-202-7178,Dabbūrīya,Israel
874,Twinder,60675-002,792-329-0144,Marmárion,Greece
875,Voolia,60505-2642,398-221-8196,Parakanhonje Wetan,Indonesia
876,Vitz,54868-5888,930-298-9819,Seka,Thailand
877,Oyope,52124-0109,817-567-1157,Jasień,Poland
878,Roodel,67871-479,461-653-9602,Stratónion,Greece
879,Yakidoo,21695-644,923-649-2440,Yangambi,Democratic Republic of the Congo
880,Flipbug,52000-000,129-738-1762,Jiyukou,China
881,Avaveo,49348-011,767-313-9157,Jiaoqi,China
882,Dynabox,76340-7001,221-955-1097,Ntoke,Indonesia
883,Demivee,0220-9313,451-421-3420,Fagersta,Sweden
884,Avavee,65003-007,242-935-8923,Lingyuan,China
885,Divape,40042-052,181-171-8265,Faisalābād,Pakistan
886,Feedspan,11523-7371,184-584-1806,Tangjiapo,China
887,Realmix,55154-5886,510-306-4193,Kafir Qala,Afghanistan
888,Quire,21695-572,668-582-5672,Strážnice,Czech Republic
889,Tagpad,16590-036,259-255-6223,Pailles,Mauritius
890,Rhynyx,51852-101,201-393-1434,Neftegorsk,Russia
891,Wikido,60505-0040,856-380-4427,Camden,United States
892,Avamba,57520-0802,638-292-5291,Espanola,Canada
893,Skiptube,60760-900,275-573-9213,Partille,Sweden
894,Edgeclub,68084-200,590-366-2032,Chengtang,China
895,Dynabox,59779-328,497-556-7841,Chimichagua,Colombia
896,Feedfire,61314-044,575-547-6145,Beiguoyuan,China
897,Zoozzy,55154-7559,595-560-4569,Novo-Peredelkino,Russia
898,Tagfeed,49288-0784,499-327-4486,Gosen,Japan
899,Eidel,22700-131,812-181-9542,Lyubinskiy,Russia
900,Zoombeat,0087-2772,755-575-8042,Capalayan,Philippines
901,Devpoint,64679-701,158-533-7664,Hronov,Czech Republic
902,Eabox,59667-0002,162-410-9595,Klatakan,Indonesia
903,Zoomzone,0363-0407,324-297-9046,Alejandro Roca,Argentina
904,Ainyx,43353-724,613-300-6625,Pedreira,Portugal
905,Devbug,41520-069,289-536-4075,Guangyuan,China
906,Gabcube,68084-884,668-470-0723,Kaduheuleut,Indonesia
907,Yambee,35356-341,134-694-2672,Oudtshoorn,South Africa
908,Dabjam,55154-2625,701-705-4560,Ramada,Portugal
909,Aibox,54868-3941,423-701-3810,Stare Juchy,Poland
910,Jabbercube,21695-233,757-245-9042,Norfolk,United States
911,Quire,68421-5400,389-276-4607,Al Fūlah,Sudan
912,Zoomdog,49967-357,992-413-3319,Kuala Lumpur,Malaysia
913,Jaxnation,0536-1024,103-333-4674,Agra,Portugal
914,Brightdog,55154-2735,534-633-6126,Karoya,Indonesia
915,Thoughtworks,68152-108,811-437-1677,Lingbeizhou,China
916,Vitz,13925-164,609-228-7625,Pershotravneve,Ukraine
917,Jabbercube,0299-5980,263-971-3305,Luo’ao,China
918,Wordtune,61919-401,852-989-8744,Lincheng,China
919,Quimm,37205-612,731-947-7819,Al Abyār,Libya
920,Jaxworks,59535-0801,164-184-2836,Monteiro,Brazil
921,Ainyx,0009-0068,644-432-4510,Lieyu,China
922,Eidel,37808-852,370-375-8198,Tanqiao,China
923,Quinu,62011-0236,874-236-9715,Antony,France
924,Topiclounge,70253-106,606-370-1925,Maasin,Philippines
925,Browsedrive,54575-455,288-547-1886,Stari Bar,Montenegro
926,Muxo,0173-0547,565-457-8698,Maochen,China
927,Devify,51655-012,356-915-1932,Huaguoshan,China
928,Lazz,35356-651,821-223-0753,Strel'na,Russia
929,Yadel,13537-364,205-751-8774,Eskilstuna,Sweden
930,Thoughtbeat,51596-011,804-704-6759,Jishigang,China
931,Jabbercube,24765-100,998-824-6238,Nakhon Pathom,Thailand
932,Chatterpoint,41250-650,315-198-0162,Łopuszna,Poland
933,Shufflebeat,55111-254,684-814-7956,Järfälla,Sweden
934,Roomm,0220-9332,674-166-8955,Shufeng,China
935,Tagpad,21695-562,852-182-2980,Karis,Finland
936,Riffpath,54458-899,106-567-7258,Trélazé,France
937,Snaptags,43742-0085,217-951-6624,Svislach,Belarus
938,Oyoloo,10544-189,944-318-9927,Pembroke,Canada
939,Thoughtmix,41250-029,569-771-3979,Safotulafai,Samoa
940,Mynte,21695-638,805-409-6945,Syrostan,Russia
941,Omba,0338-6304,887-842-5291,Catanduva,Brazil
942,Jazzy,41163-310,438-506-8479,Ōno-hara,Japan
943,Gigabox,0338-1142,555-819-2509,Tajan,Indonesia
944,Jetwire,68788-0474,980-849-5202,Evxinoúpolis,Greece
945,Brainlounge,41250-688,900-393-8245,Nacimiento,Chile
946,Agivu,76282-321,256-404-0842,Pyin Oo Lwin,Myanmar
947,Livepath,50484-316,747-891-7079,Jinshi,China
948,Devify,50419-701,954-731-9825,Xinji,China
949,Shufflebeat,54384-1072,674-554-4921,La Paz,Philippines
950,Brightdog,58914-117,267-656-1358,Enshi,China
951,Gigabox,15127-082,585-731-7344,San José de Ocoa,Dominican Republic
952,Dabjam,21695-180,515-159-3004,Severomorsk,Russia
953,Geba,54569-6027,257-790-5552,Yanjiang,China
954,Skajo,67510-0158,259-220-8573,Villamontes,Bolivia
955,Zoonder,68776-1005,500-980-4462,Stockholm,Sweden
956,Oyoyo,58657-100,928-118-9753,Lamut,Philippines
957,Muxo,50382-004,164-611-7142,Tuchomie,Poland
958,Gabcube,60681-2401,619-288-0317,Tsimlyansk,Russia
959,Kayveo,10356-850,143-241-2447,Novokuz’minki,Russia
960,Gigaclub,64092-317,944-364-4418,Saint Aubin,Mauritius
961,Abata,17630-2012,155-229-6570,Wolofeo,Indonesia
962,Reallinks,63629-4642,732-927-3179,Nha Trang,Vietnam
963,Jabbersphere,0395-1249,165-883-0872,Aykhal,Russia
964,Feednation,24794-220,936-672-9478,Buena Vista,Bolivia
965,Yodel,61096-0031,940-792-6083,Xuanma,China
966,Fatz,0942-9001,233-286-1817,La Cruz,Mexico
967,Jamia,0363-0590,373-897-1305,Qingnianlu,China
968,Yakidoo,55154-3382,236-598-2713,Qiaozhuang,China
969,Jayo,52584-641,880-174-5734,Sawo,Indonesia
970,Lajo,0093-5507,104-253-3561,Sepahua,Peru
971,Devbug,43269-653,123-577-2112,Gložan,Serbia
972,Centidel,21695-934,711-845-0006,Castelsarrasin,France
973,Kwideo,60429-278,545-327-2584,Albi,France
974,Mynte,61715-079,442-344-1350,Yudai,China
975,Meejo,53746-511,991-219-1563,Longquan,China
976,Fatz,0485-0057,512-125-8343,Ak’ordat,Eritrea
977,Jayo,41163-124,212-387-6193,Jamaica,United States
978,Voomm,55111-572,536-935-1510,Ocumare del Tuy,Venezuela
979,Dabvine,44567-221,786-285-7408,Jianghai,China
980,Photofeed,51389-106,800-164-9021,Rosa Zarate,Ecuador
981,Topicblab,49349-872,398-246-6842,Várzea,Portugal
982,Meetz,64064-0002,488-909-3711,Taocheng,China
983,Realpoint,63629-2614,241-725-1980,Karlshamn,Sweden
984,Ooba,68599-5301,525-261-3153,Cigarogol,Indonesia
985,Skibox,0143-2422,299-623-8574,Jinlong,China
986,Topiclounge,58118-0795,168-665-8901,Primero de Enero,Cuba
987,Topdrive,10671-101,603-452-0667,Jieshou,China
988,Feedbug,64679-554,675-329-1708,Oula Xiuma,China
989,Feedfish,52862-017,320-903-5817,Tanjung Raja,Indonesia
990,Yakijo,41250-142,374-743-2420,Xijiao,China
991,Eazzy,0268-0044,285-556-7393,Roma,Italy
992,Kimia,63629-3342,269-159-9241,Pechenga,Russia
993,Aivee,44183-210,724-166-2861,Barice,Bosnia and Herzegovina
994,Quatz,0781-3033,245-765-8441,Palaiópyrgos,Greece
995,Vipe,0126-0022,898-656-6550,Katori-shi,Japan
996,Thoughtsphere,61957-0532,633-868-8050,Chikola,Russia
997,Aimbu,52125-896,555-595-4080,Gaigeturi,South Korea
998,Flashpoint,59779-281,920-435-6971,Pledo,Indonesia
999,Miboo,64720-154,315-267-6457,Amsterdam Binnenstad en Oostelijk Havengebied,Netherlands
1000,Buzzshare,36987-2000,598-460-7938,Cibeureum,Indonesia
