id,first_name,last_name,user_name,password,user_role
1,Harri,Omrod,homrod0,$2a$04$yAv4oUC6FHiBGHBOFQyD9uSbemG/HiJ9rx7H6RddMBa03AcUbnWcK,ADMIN
2,Ailey,Braams,abraams1,$2a$04$07EMIFof8tOOeb7chcckeOQfh7gH7OftwnvoQI3wmqBSlJiE0oGS2,USER
3,Jeanelle,Looker,jlooker2,$2a$04$fBbs7ayNj71m51M2Bdu2f.WOQAo6.aKLUFkkb.Tvkk.o7Lv9QFYmy,USER
4,Kearney,Edgar,kedgar3,$2a$04$.olFZ8rNkIqN0jXIl7aWL.DxMksgqu5h9frdBlbzH6O6m749ZLGIq,USER
5,Cort,Harnett,charnett4,$2a$04$uWdY82lEGh.6XP6qz7MnwO18lQTKGWsHHm2FfGexzIoaggFFwA7Vq,USER
6,Britteny,Goor,bgoor5,$2a$04$j85ayXEeImI4O1bgBHJRaudGpBi0UtzAktbAjRwNn4akdGPvSpSku,USER
7,Skipper,Garraway,sgarraway6,$2a$04$noIzu8uDvk8wrnoB5YcRtOF3gJ76K6ib87XmxNQkMu41Ml7A.mbRi,USER
8,Lila,McGaugey,lmcgaugey7,$2a$04$LxfizwbYPaFvILT2DGodWuq6DTwzGHgAEuai0cNCNELIeo.5Dj2xC,USER
9,Ruthann,Callam,rcallam8,$2a$04$qEmJN8rFBv5NqvoJvaDVCuNZLfY6T0YfXHKWTcL.JJb.6G5tokwwe,USER
10,Layla,Schohier,lschohier9,$2a$04$vwZ6fy6yLqQc.yanQDEOyujLoxReamNihX.E3lCnf5gpv1hT.M8SS,USER
11,Sher,Trowl,strowla,$2a$04$itj3rUnxWnUvJ7f7bJP0Suli2G32XFXqmWlDItJmqvtYtUvQTkVYG,USER
12,Yorker,Antonioni,yantonionib,$2a$04$QcVbKf/pvyFk9RJxlZ3j9O3qP33A8vbmRQcfMI5INIYaY4vOqPb16,ADMIN
13,Hillard,Offner,hoffnerc,$2a$04$iM8xnSw9yJVEARPl641iC.LENTTy./lk/g7R/AmTtFFV4.qcKA.n.,ADMIN
14,Janenna,Eilhertsen,jeilhertsend,$2a$04$3FvcJZb44OhoKAFmJRU.G.RRrluz5NWYd6kxUvvo/IDUR6t3MOQDy,ADMIN
15,Barbra,Wasielewicz,bwasielewicze,$2a$04$C/GlU4VuophDHSAfsyOA3Od3YztENaBaDCIbFOwN7zwTk2p/WfM7O,ADMIN
16,Louisa,Cornejo,lcornejof,$2a$04$qacj.XrcYFNzZ5/tG4siH.8VlIa0BJSv1v4UyG1aRcASMCAQbs0Oa,ADMIN
17,Ara,Orvis,aorvisg,$2a$04$LpITQlt6aT8WnXsAYR5teufyQgVP8t7PgY0CJlsyCsHXd8B22iy76,ADMIN
18,Mychal,Gallelli,mgallellih,$2a$04$YEiBHSI3nyw859QIG7cu..WvEr5YmM/vDdFcliGj1tPU75wcbC9sS,ADMIN
19,Arron,Edrich,aedrichi,$2a$04$NrUrhqxMarLLCB3DoQPl4uixgH2MOWBhBZXHV7zCE8EBYgMKizcM6,ADMIN
20,Ezequiel,Brimley,ebrimleyj,$2a$04$BClkPmNOASXGg0AHjnCU5ua7A1RMGzJZuGkl9Cr40oeaRaJJZc9T.,ADMIN
21,Randell,Odney,rodneyk,$2a$04$SrTW.0vC6/1OrKWCwpwOKezBuONbp9vbWKccxv8AvRQHn6oWqNqvy,ADMIN
22,Flossi,Cussins,fcussinsl,$2a$04$KeeTiqt03GF2jvApgvsUFeOuKa6oBQcg4igqcz8i97IuU0kQUAKAe,ADMIN
23,Gareth,Deboy,gdeboym,$2a$04$kecvSgZXWd90KowOob8xXeDko1rKxeVh2MNQTiDIIlIA.0fT.btHm,ADMIN
24,Robers,Rushby,rrushbyn,$2a$04$kPrJ2wwZV1DA0/aE5z1PNuEujSbaXUjOyadtLa6uRnEJ38zFIYBfC,ADMIN
25,Kristina,Padginton,kpadgintono,$2a$04$068IPVQXJLs3tql2.Z6.6euI36n.mBPxGw8jq6T5DfuHF3.yCYfX2,ADMIN
26,Hyatt,Todeo,htodeop,$2a$04$wmHbTlosaqtZr88rGKOcBuq2dAVOdaCzTRYFXf1CZyWBBy2dN7XW2,USER
27,Loleta,Levermore,llevermoreq,$2a$04$j0s7Ze2TRDcB9YvqqbltReeNLnkOHegIcgdHj8QeVoGksNKb/aXsO,USER
28,Roy,Hindrick,rhindrickr,$2a$04$1URIyYvbQIFf94sGAbbBQ.t/hvP6a0tBzmjfN4GfZn9gDL3xO.bIm,USER
29,Megen,Bram,mbrams,$2a$04$1NzTVmDfDDu7ULYyNE7s3.IbEVwMrfRyiqtcaYh9LbAt10Co/U81.,USER
30,Levy,Daniel,ldanielt,$2a$04$wwv9gEpWwZ3FgjfbiGl1kOjjUeCHr85Y38.sfPGRIc.1p3Wc6zykC,USER
31,Tracie,Parratt,tparrattu,$2a$04$EOPiwskoaWp3fFjqt58VXO256e.7f.9qjwmHORnlh7i34/UTvm1Vq,USER
32,Kandace,Pinnocke,kpinnockev,$2a$04$kVmZh6aZ1Jng95QBztOztOC/HtMn.6muYzzmfE1pMUO.xVjXnQ3YO,USER
33,Antonius,Polhill,apolhillw,$2a$04$smSia4R6O7KVjeCCrSvkm.Neq7664q1rTGExJ2x0Fy6xuMWT2VGZO,USER
34,Adolpho,Moorey,amooreyx,$2a$04$amyYELcRCKqHBCaYOL9kheUMAg5cGfBGoK1bsMYeRLeoPd9EMBUci,USER
35,Avivah,Reichhardt,areichhardty,$2a$04$1BYbMTf//x3Lzu8UQDgX1OXMlwET/HKNrb4fK2UQKdq5ddyVhW.D6,USER
36,Elbertina,Fanning,efanningz,$2a$04$neWbwT101knH.3d.b1vcW.wL1WIU2LjUF17HzUx2As0cOpxmtNYxW,USER
37,Donny,Ruller,druller10,$2a$04$eKh3X.P9lrxt33Mp5NyOmOR.l3ABJFBTwEpqknlprEwEcjXDwUJoy,ADMIN
38,Robinet,Bloomfield,rbloomfield11,$2a$04$NW.A5plDSDednJS7Jew6COaTHKlyBd1P3/h/bkbQEOiLxIez0HjTW,ADMIN
39,Guillermo,Blamires,gblamires12,$2a$04$LIFxEcyXmyjljnekzfEi4uCZ93RSPDF7W0O4bYd2YkxySTAhVMjqu,ADMIN
40,Chickie,Mulberry,cmulberry13,$2a$04$s8arV5v2xSEhwS7NIcvRHumHvBkWWBTMRXdNKX1e6ugF.Q4fRhg3m,ADMIN
41,Nananne,Blamire,nblamire14,$2a$04$R.yU5iek4WEdEfkFR6rbueR0FOHyj3WygpQN.niJFbh9WrfI2mGBC,ADMIN
42,Denys,Rodliff,drodliff15,$2a$04$9xveayLx133lco9s4DcQU.uvfMLyRfuixm0a1.5BFQTE.k7bWRRf6,ADMIN
43,Alon,O'Doohaine,aodoohaine16,$2a$04$rdRwwYNVeTZV/1Ipu899reh6yJpxy2ykuv0S7n8/zUTKXnl5RFBDO,ADMIN
44,Hendrik,Kendrew,hkendrew17,$2a$04$AkQqz6rXw8lbevBjtDMoiupnO..mZ8Vr63us6TWb3ioeTtmgylIau,ADMIN
45,Audry,Drayton,adrayton18,$2a$04$hBk.90Pb5mna7fvCm.ND6.9GOkCsjl8qfkicJcvIjB.DIrcolNAeq,ADMIN
46,Carleton,Wincom,cwincom19,$2a$04$f.T2he/2mNE9BwxNHzFs5eXm0HbZJjM3fMYfnHC5waKetire9zSTG,ADMIN
47,Heloise,Thornewell,hthornewell1a,$2a$04$8M8wqHhMvg5ew7xO9IL1AOv0NYkasFrspe7fkUJAOyFcCfG7NWK2y,ADMIN
48,Carmelle,Lamb,clamb1b,$2a$04$4HAfIGi6uIvBcJQad/Nvmusf8Pt60cHbTw1B.pC5xnwITazxpVNYS,ADMIN
49,Port,Milburn,pmilburn1c,$2a$04$/7zFSmbu.NSigWnHPfYyleFFjTy4PHj5B4oqPfFUE1PvH4R8mrlR6,ADMIN
50,Rosemarie,Jackling,rjackling1d,$2a$04$CsuGyI6OpZtc3qjcu28RFe34hpMcBHUd5MkTJeozppnPU/.JTZfTm,ADMIN
51,Ardys,McDermot,amcdermot1e,$2a$04$e3Hrq9ucHP6LQvveJl5dsO7enNPus3dd5MZ5CZ.GcxH/X.rpD6DTu,ADMIN
52,Mathe,Seiffert,mseiffert1f,$2a$04$9gxavj9phaFjzKu7BjDkbORzAuOn7sTOLlks1.qE0SVfakXddI3dm,ADMIN
53,Mano,Robjant,mrobjant1g,$2a$04$pBNCPmpkYOdxIpsUyEIPUeNkjWdm353HIMr.gzaivXUqaojFXMD7C,ADMIN
54,Penn,Dowd,pdowd1h,$2a$04$HjpXsNdGYlsu8qfv9F63me1bQyOG4IlOA.0GkJFfxXdZx2FzrLBgC,ADMIN
55,Jobina,Fuentez,jfuentez1i,$2a$04$qgWpHJGV45zl9X4JqxpTE.bwBhaBYogcUWD51xw6HwI.gkHr44ibi,ADMIN
56,Leoine,Domm,ldomm1j,$2a$04$pXg1KydjrEz4WSJWBK8b9OHuzXFppUfdLj5CQxtTlPNDVw48lpF.q,ADMIN
57,Caril,Vennard,cvennard1k,$2a$04$maBS9.hw8ukCozWZ8LssXOG6oTg06m2U1x1yF1phs24djffcmJpeK,ADMIN
58,Alika,Courtliff,acourtliff1l,$2a$04$FaCkJ3xKJ8vdC11r4OaLNeYHMQvw2qZxk5YaVYT5FK315lYseGhI2,ADMIN
59,Rutherford,Corrett,rcorrett1m,$2a$04$0mYtQBQQX4vblkG6CYHc0epmq77ouCowZEe3VvrvgE.Y0OFKZoeQG,ADMIN
60,Fidelity,Ganing,fganing1n,$2a$04$tALnzULONO5tf.oOBHD4Ju9m/5R1b9GS029p6S0RRGUXZVh6GSuua,ADMIN
61,Marjory,Clemencet,mclemencet1o,$2a$04$B.GWF2MYTqGECCRyK8W/..O7x4ALIlsyDbyQIkkw4GwsweFy.hcCO,ADMIN
62,Angelika,Swindle,aswindle1p,$2a$04$fviQ5ly5KoXmJyJGJ2rhh.AD2P4LNevayiHqC1dVhww9qbvqXzlIq,ADMIN
63,Danila,Meredyth,dmeredyth1q,$2a$04$gHxDPB8IVSVRron5pJHXGOcNIIopAqm.XNT6k9.f2J/rACZUDQM52,ADMIN
64,Donal,Petrelli,dpetrelli1r,$2a$04$XLSz.aNzolPQhIXG5sI98OTUTHhe/I5G7TeX.4c20LFqOhHW2.YiO,ADMIN
65,Gunar,Tarn,gtarn1s,$2a$04$DsBFv3ht7MyudhKgstAIuOIfaol9/.EEL0shTh0f/MReWN6Zuzs1C,ADMIN
66,Harli,Esherwood,hesherwood1t,$2a$04$cQYvLPpoycIrIhzOAvPXSeco8uGXMtVTm6gVO8.tGMOPC1KQWvwx2,ADMIN
67,Hewitt,Elies,helies1u,$2a$04$tY6whv0BmgPpTuSqSi5QXO2xJwx6Qt8ByydlSVcF73dUOmXT2ZHC6,ADMIN
68,Erda,Coryndon,ecoryndon1v,$2a$04$Ps86E5AckvP0OGD23wcVFuArY9VjTEy610ScBjEGSsHfKhUDH080a,ADMIN
69,Hyacintha,Costi,hcosti1w,$2a$04$dWMMAO57hjRe8eUjQDGz0OUKHYWOLnig1ryzF8mSgZkTPQp1IFnZa,ADMIN
70,Deanne,Grievson,dgrievson1x,$2a$04$zoGXx30Iken8E5GV/j5lNehtxILf9DPX7TvdfEs0j85YiJRQEAamC,ADMIN
71,Ruprecht,Resdale,rresdale1y,$2a$04$MojeLGGsH2jP37lDaMnxiuACKd7MklEBCzskj4x.b2o91D6S8AyTG,ADMIN
72,Josey,Scane,jscane1z,$2a$04$KKBoGe4788UVOwy/wM/rzud31Cl5GTu.LeiOKXBIWtXiBhkSfveme,ADMIN
73,Verena,Jerdan,vjerdan20,$2a$04$xr8dR6ApCBSoT5jENlLDae6BFBo/hGo1JUi9MKHHBSbrNeqQPiJ3W,ADMIN
74,Madalyn,Cleaves,mcleaves21,$2a$04$Q7G7B/TVsMdijE.EPVY0JuxW4xSSNSPfGoqtSkB9g4rAsk3W/Rhle,ADMIN
75,Sutherland,Tumelty,stumelty22,$2a$04$f0WqhikrOiENQFR4CRk04e2nzwbv4Vtc.p1NI.Y1gzROgVVeEBl26,ADMIN
76,Upton,Doog,udoog23,$2a$04$1j3lbGAlpsz45nch16nH/O/VZyYIPyb/.XdeuMZD9NbCNwXXOTBAm,ADMIN
77,Trey,Girke,tgirke24,$2a$04$7HujBhLd3H6mTNYHBTt5DuBxuRWKhlhTBjMCq3soy9Xshg3OHwapq,ADMIN
78,Phylys,Imlacke,pimlacke25,$2a$04$9OBYrjtSTf40f1iER//wte0WkSKeAXGTNCuwieCTByiWic1x85ntO,ADMIN
79,Agnese,Darrach,adarrach26,$2a$04$sppNnFsXzLVK05.X0r2iVuvUufDmXS2XMVUqeSADXhtLlQmAH/Qtm,ADMIN
80,Vincent,Kinahan,vkinahan27,$2a$04$5Wfpf0AXVNryXFSAmxMjjeDUTQMAxouks2fXuPlVjmy8Kbj5OnXKi,ADMIN
81,Mab,Danniell,mdanniell28,$2a$04$bWVg69yAcNBeFEZZ63.ZR.cbo2M2U1Ee9buvbmH.bUm6Rg5PJcE2i,ADMIN
82,Rodolfo,Wadlow,rwadlow29,$2a$04$S1uxb9CY1JYXGI0fPmL4qOU5y6Oi28uUI7pnwqWblxPxwGd8NP9J.,ADMIN
83,Sisile,Kaemena,skaemena2a,$2a$04$Z3Mrb8SVlsS//3iWQCZqxezYEYlB8YsUW11N6oXkpE6fJ08f7yQlW,ADMIN
84,Noreen,Hesey,nhesey2b,$2a$04$Gbrd413/nv7ayyOOU.et1Ok90gpnDiwS5DVbdTZGE2i86AjezS0a.,ADMIN
85,Ronnie,Teesdale,rteesdale2c,$2a$04$mjWZ.Yq7SVAkGcN5.HBqMurBpO/3saM/lnI6eHg.ZYxdeocQkfwCK,ADMIN
86,Adelind,Dybbe,adybbe2d,$2a$04$BO0Y90GpaTK.TMhJBMgnQephZ2qnHwSgGyp01NOW7MByyMYgY8jIe,ADMIN
87,Corry,Ruff,cruff2e,$2a$04$QuYX1qLSWkT4zFxNJvHj/.SOTax0MldKdyQ45CRCLc.FGpcmwRFMm,ADMIN
88,Ward,Byrth,wbyrth2f,$2a$04$no67MJVXRzY3D.gzBJrJWOasY4bqYGcf7hDsN4hcsHn/zDRWoIe9i,ADMIN
89,Madelina,Palliser,mpalliser2g,$2a$04$6sXrwTuSC2ucfgtdg2GwSO7q6IuXQ3AJ.oTZY6vkNkTDR6bpbAl7i,ADMIN
90,Ignacio,Gaitung,igaitung2h,$2a$04$vv4tPUr6XoNeftq8IqAffeqiUx2u2AkeHaYFMaHc6NuYRXHaMuSUa,ADMIN
91,Emelda,Lortzing,elortzing2i,$2a$04$LoMWB7Aiq2WAy.FyUXZ/6.ylFp/Cc2hvufVPhO7v8GRgccqnvv1u.,ADMIN
92,Harry,Cragoe,hcragoe2j,$2a$04$ObOTGyjGLBen0eEslUBc7et6LJYua5MJZTneGtFwNC5XU7p8wiUuS,ADMIN
93,Beilul,de Bullion,bdebullion2k,$2a$04$5hWMwvYJPnIImVgXt8/1TuIYNHKvLcO6IC9tpBwQvw7ufoRrka9XC,ADMIN
94,Marlena,Wedgbrow,mwedgbrow2l,$2a$04$dqzi8iK9hP58k880rO/i9.bvEpluO0zlJkib1S3S7gnI1RWJ8nPY6,ADMIN
95,Fredra,Collings,fcollings2m,$2a$04$nU1Xc2K3u6fen.G43rLjP.f/mwI0Laz/DfLe8lGia9CtOK2jnBnXe,ADMIN
96,Elfie,Sturch,esturch2n,$2a$04$jv7ouzOYUtNWV0zagah/buH1P0ATkmJM3lAGqPZGKudHKGXX8NygG,ADMIN
97,Verena,Le Guin,vleguin2o,$2a$04$rFrTS6US3G1YxM1zq7ICKuI8IxmnjKqVdGVXCwAn4g8kuu4gmLjhW,ADMIN
98,Grethel,Calcut,gcalcut2p,$2a$04$x9ITxhgHSuFTGj.9etSTjeaLhLpbx9ITY/NgO8arwGsApwXIti0cq,ADMIN
99,Lilli,Dewing,ldewing2q,$2a$04$SB.MJTtN.Ffsxt6lr2NjAOn0gS/T4TsTjDvWcFpxRBmjHB4BKR72G,ADMIN
100,Caprice,Parsley,cparsley2r,$2a$04$7f4CXte0vn36zP0.FmkuH.KTfagnj.mBcG1BXXLbUU5aJ3qW1Hnia,ADMIN
101,Kally,Wabb,kwabb2s,$2a$04$.vKZsLrIwdJ5jtCoHipWNuyGeO0jxucvHirBhrHsD6mjLPuzmY5ry,ADMIN
102,Brandea,Goodall,bgoodall2t,$2a$04$Sc30QVUcs4De3OKSlJqyxu9.prflUZvgD6OKgNbu3nEHA6w4IxFsq,ADMIN
103,Issie,Archibould,iarchibould2u,$2a$04$3CKLvDYCl0ofA3uC4h.WEuDrO.HdjuqxErgDVDYE9H52vSBF4ohYC,ADMIN
104,Brenda,Antonietti,bantonietti2v,$2a$04$DONJDGD6cLSUfvyo90XoUOqVooymCd4h5qHN.LccuXnRAWjmy6y5S,ADMIN
105,Doralia,Bensen,dbensen2w,$2a$04$7/WRZ6QCF5mf4GS/dEgfkOwSIaedJi.MHKFv3XuSA.XwhM7C4C11.,ADMIN
106,Barrie,Dictus,bdictus2x,$2a$04$jxYZuRL7.tXtW3c8dTJ62O8fYKGN3/QZlPKfsWILbJMNvKF/LrgZ6,ADMIN
107,Clara,Acland,cacland2y,$2a$04$8E8Myi2HmFfeGEhAEyioFOAIYE64zAVl8l2aZ1GkM.cVE2tYji7J.,ADMIN
108,Silvain,Storrier,sstorrier2z,$2a$04$YDtXQcSfD3BheP.K3IhIa.21DFpJy9w4JSe/yucPkk2nM3d2teLey,ADMIN
109,Phillie,Guerola,pguerola30,$2a$04$76BPilK9YKpxDSilTubUKusHv1L0t9h8NPxNdGwIli5ZOlLEuhHzq,ADMIN
110,Benedetto,Adamec,badamec31,$2a$04$JeuVWsTLM8IysVEpwhyGm.Y96BwgrYDFULncvd1FnUlJkJtjpQcM.,ADMIN
111,Wynn,Crolly,wcrolly32,$2a$04$YdlbZCgAdCnC5AZNUwTtEO3iZDw24Cj0dNXx4PSIbpqPTuqDFaQH2,ADMIN
112,Ira,Alen,ialen33,$2a$04$J9aHE29HQqhESHU6EgHpz.MXNb1aVSOhhhXhAtONNun3ywdpKklnK,ADMIN
113,Gertruda,Baumann,gbaumann34,$2a$04$02nI1efpRB895NZahT1krOPzjAlxdcbAiEds3rC5kAqrIHQNuXNbK,ADMIN
114,Fonzie,Moxson,fmoxson35,$2a$04$C7/YMbAxR9aAEax80ZgZeer6YlAv7lxFGN1eLvbhi82WfuWnxJbgy,ADMIN
115,Rebe,Hoxey,rhoxey36,$2a$04$g7ziIs8V0XodW56vzWEG5OplTw0CRm5GEXffjj1qxjCNZANA4FRfy,ADMIN
116,Goldi,Massimo,gmassimo37,$2a$04$kkrPvqNwIEAjHQi1AEGlj.No169YIG7RZFDkHYDnmCcmBMgAZ7yKy,ADMIN
117,Blithe,Satterfitt,bsatterfitt38,$2a$04$UzBa.ZHNGLehGJwCzLrZxOe7Z6yRvDfRYciUZ/yhXteqUMRP/es0K,ADMIN
118,Korella,Harold,kharold39,$2a$04$Pv0AMdbKOjp.EB/93n7yk.ophLyvPRQSKAQNwRkQY5HWOUO6NTgIO,ADMIN
119,Kenneth,Forri,kforri3a,$2a$04$ED5PEuheBkGBX1egruNiG.wjoz.tzxqCzlaoETkJSAmn0S59QQ9X.,ADMIN
120,Renaldo,Andryushin,randryushin3b,$2a$04$QYtM5XfZHlKqkUVOLv2one5XUstPzjwzIosymKAG55hif7PRCAMfq,ADMIN
121,Nev,Maycey,nmaycey3c,$2a$04$2I93/n5XkMSurLAFS1l84.f6wx3IGA3zFMk15RyIrOizRXtLTa3xi,ADMIN
122,Wendie,Dzenisenka,wdzenisenka3d,$2a$04$bnUfbKLxeqTetMapxHyHNe5ZsXrwgkK3KILgQxkU94o6EFrPYF2dG,ADMIN
123,Camey,Fernant,cfernant3e,$2a$04$OPjnkNAsZFRYGWYUDi3ED.PEgdY2TUDoXPisWQ803USzqfomi8mIe,ADMIN
124,Claudetta,Forseith,cforseith3f,$2a$04$6c.bsXW35qfPRxG4R6dGJuyl/KDqbSJXgeW3TsZF6xe/Urvh5XFlC,ADMIN
125,Cathy,Mellem,cmellem3g,$2a$04$UQvSSo5GBmz84DjacJr8huPv75qphsXeg7QR6PmAjOIWlBKjueOOC,ADMIN
126,Evonne,Peschet,epeschet3h,$2a$04$YMSYIa7yBi8eEMba7AybKejouHaPfgB6OR.2BRBMu8gAFbcxmSeNq,ADMIN
127,Golda,Folder,gfolder3i,$2a$04$ofuL3qei1dRy4fu/nUpDp.yo7mwdRTKLEajy0KV8r2Oi5mumMTw2W,ADMIN
128,Kathryne,Curson,kcurson3j,$2a$04$NWo9cn32p.2IqnMcX.OqLObhBgArmwjHnn7PIMqkQ.FrVJBx9N/Gu,ADMIN
129,Vivianne,Perceval,vperceval3k,$2a$04$vrK3r9Rc1oKNlboFu6JGEeTipob7hcflKX/yxTIRxkJQgGV48t0CO,ADMIN
130,Michal,Glidder,mglidder3l,$2a$04$HXnJHVnFMApmf.nNRv.GbuBwDM1eivffL9VLdEZaTLXhNAwjVea9q,ADMIN
131,Ranique,MacEllen,rmacellen3m,$2a$04$5X.nnTelj9biuH6qSgc1fuc2o0H/SUWZ.j6KdYQoYi8m1AkiFecRq,ADMIN
132,Denney,Hencke,dhencke3n,$2a$04$ire3KjwePdweCRQ8n.DcLOcpVfHyHGPl/4Xc/jjDYR.zr2NnIM5v.,ADMIN
133,Alidia,Hagan,ahagan3o,$2a$04$FYcA02tm7RhufEKW9eeB2e.y.WrZPoTpqsSliBAFDmHKrt7Frk52W,ADMIN
134,Reagen,Esland,resland3p,$2a$04$JM6i26PhC2sGjV5dZtONEe0xVBPqsmRZwVWkgHYzyinCGy1tBERPe,ADMIN
135,Bax,Beaves,bbeaves3q,$2a$04$hVyTdGXyNwJVinX0o1/V9.1k7fBInC.i97GH45DotKs3ULpG2Nvry,ADMIN
136,Kaiser,Crole,kcrole3r,$2a$04$bb3.qY80SMX7gR9NKaThfuLZZSCddLVTZ1T/ObJ9jviZlV4DlJk6i,ADMIN
137,Pearla,Brunnstein,pbrunnstein3s,$2a$04$/0Zc/0yGBkXCjP7xMo0zZORqav/lHv8tdwCssWnDe8l5b/XN79JjO,ADMIN
138,Fletch,Cator,fcator3t,$2a$04$L7e9.a9Jrw4HJQ/NHXqclei920dsF/JQi68h0LzauqlQuhyV60ATq,ADMIN
139,Adan,McKeurton,amckeurton3u,$2a$04$IOvTWaW17T2Z9yr7uHs30eMWE/mGTklhSV8ZmypEU.aWYUuEi76k2,ADMIN
140,Maighdiln,Posnett,mposnett3v,$2a$04$RiRVE.BUAli1bhid3cjAQuUwvs1/xuDvIfVzz9Y8qVkfzVsxr2jxW,ADMIN
141,Cami,Meneghelli,cmeneghelli3w,$2a$04$qWnKkVaV6/wPPZlK1jTMfOUqMXglTt77341Xsp0zAE82csgaUXDZ2,ADMIN
142,Elene,Taffee,etaffee3x,$2a$04$ZlzsJgdCPt6v4bZEh6EVr.zV9u/YLsuQaWKlE8ww1sBQ58WbyzU6W,ADMIN
143,Valera,Somerled,vsomerled3y,$2a$04$ghgI1YLSaVpXCo9oLKDuk.dB6xcIDHAUyE6df9aFgTZd2q4FLAkLa,ADMIN
144,Krishna,Matyatin,kmatyatin3z,$2a$04$keUZHZmlDIkUBn46MMuTyuUlduWgWYmuJlRCLdaeV248xGGJVYt6S,ADMIN
145,Calida,Harries,charries40,$2a$04$/bdGbvCnRLoXY6qMrXPuNO/814Qd.uwRsORJu187iXpi9aDOGaF4m,ADMIN
146,Lorinda,Caldecutt,lcaldecutt41,$2a$04$JQCxZZzhAB.5s6T2CPJk8ul0VOuMwh0NcsedW/SuTDylVmwV4DC3a,ADMIN
147,Alic,Bellringer,abellringer42,$2a$04$Z52mB5VWHJolcutQMgGurO16pgQv4VNbzQqgM/roYcObdIr1gC6FW,ADMIN
148,Adlai,Gristhwaite,agristhwaite43,$2a$04$Fm/wjqeTSXeOrcclJkDhreE0ICU9EAGXxB1GXBieemeYmv8vP.RPq,ADMIN
149,Marshal,Dongall,mdongall44,$2a$04$kKWE5GlIqaS1efbz5thdsOVxs3j7wQT3YSHQQTy5RsrHVn2uI6Dzy,ADMIN
150,Renae,Diego,rdiego45,$2a$04$16f/AEktsfuo4jgjOl35K.lQuAt17DR7S.hAqCauOpLTRQ68APaT2,ADMIN
151,Rudolph,Poncet,rponcet46,$2a$04$jtFHUlwbVCe.oe6Z9MYDZurw9IaEBuXrhKgJyizkQcf0elZSNcxom,ADMIN
152,Linoel,Petran,lpetran47,$2a$04$lh/TMeDXSFCnWrTwsEDjve4vbjejqGPFcB6PbJ3loNVoMLNdYZDxW,ADMIN
153,Tammara,McGrowther,tmcgrowther48,$2a$04$1p43cYeY0vQJO/liPhWiueEPn3YfMkKW5zW5skfPNHZaaiQpmhr6S,ADMIN
154,Kellby,Oneile,koneile49,$2a$04$DIJdnLqOxR9MQCoJ.iFl.OVeCXYpvxt3zI.Mav6mf.4ukbZ.ne40O,ADMIN
155,Timmy,Grigoriscu,tgrigoriscu4a,$2a$04$pyEECWxKYatqgzeMUaoItOjzUcSYea4/WuKIH3mri0OQUBKymxayu,ADMIN
156,Clark,Bernardinelli,cbernardinelli4b,$2a$04$o.nVO8Zg/RH3/4cM0ralfeBohoGtrxvNQhSgrCCb1lUqCBr.8NA/e,ADMIN
157,Corrina,Wiggans,cwiggans4c,$2a$04$12/m36fY8zdM862eG1NlBOsov7/7VZdT43ki3/8mcuYdA92EXfFoK,ADMIN
158,Banky,Cunrado,bcunrado4d,$2a$04$5286bcNTTY7..8cjzZymGOi3Pj6xLoMYWUYqx3/DVityQY7nNkbNu,ADMIN
159,Issiah,Furney,ifurney4e,$2a$04$HrwjozOlSoUji0cKiQkJkONskWJMW4LClZf3X1FjDg6uczFWHwWIi,ADMIN
160,Lebbie,Kelland,lkelland4f,$2a$04$liNW1QyS7AZfhAJK4hy22ugzYdyz272Sp5h5ly6io.ZeK36edHWpu,ADMIN
161,Kenton,Eeles,keeles4g,$2a$04$PSRK847.MfIkfH6/nuTBm.ZiCw1AEBn9k0P1.eSBxufRrgVtZlVFq,USER
162,Imogen,January 1st,ijanuaryst4h,$2a$04$KbuXDBXy.YMN.Myv3f3cr.z/Dz5DsYQNoMazbPla6sKmFQOk4H0g.,USER
163,Stefan,Cess,scess4i,$2a$04$T199dED7rX..fY6Qsy5Snu7ngmhqEftCDbcrt856rLO5ziqJd4Hb.,USER
164,Amil,Arcase,aarcase4j,$2a$04$vxb7o.UjvFCBebhQ/OhMXe6GdGHPLP.t1pONurhIr6KUYRHsC.uRa,USER
165,Irma,Caulcott,icaulcott4k,$2a$04$ZaANPihNZUj3QcPOVtLi9.yCgiBFXuAYQtlgDexOx1m/0zgljAwsq,USER
166,Shandra,Hattigan,shattigan4l,$2a$04$bbQMi0Gbut6I1cjrQrXQq.L6EPmSDS4ud9jMBDQ41aZHlGhK.VNKG,USER
167,Scarlet,Milham,smilham4m,$2a$04$TNgQrsKCp6Y6RUND9jlKmemM/Gaom/5/Fwem87RDNLxoHJaHmlhVS,USER
168,Gertrude,Vynarde,gvynarde4n,$2a$04$6us03U4nX84e1jS1dbOcBej4P1fVifYn89aXnufMzOjlDe7qt4fSS,USER
169,Ralina,Reckus,rreckus4o,$2a$04$GyqXFEmcf5GPrvQdyNHTneZ7Z4TMmsy6oy1t/7QAn2CAf9rxhw/na,USER
170,Willette,Doige,wdoige4p,$2a$04$tuCDPxGrlVneIn/Z7EHvOOqzDqXdvN0UjGzT.9rqojjBp/Qhq6KVa,USER
171,Jamey,Do,jdo4q,$2a$04$XvH/iM6LOWTl96/jDhQ95eKjN3SvkaKLFnOqIl2/DtDeWoob3CK2O,USER
172,Filmore,Robotham,frobotham4r,$2a$04$d3e3gp416iGnHLCt8HhxmO1hPTBLINz0NjOX.M9InWY/93B1dxkiS,USER
173,Claudio,Finneran,cfinneran4s,$2a$04$KHYWJMo4NTv2w4dK8HpkDuX8ZKHHVziVOXtmHQFwn9HN0olwuMzAS,USER
174,Lucas,Kemmey,lkemmey4t,$2a$04$VMtHDZ59N5mRHWm4bBkHj.kpDbGglJVKZqiOu9Naz56tjCOC/ag0W,USER
175,Kala,Dellenbroker,kdellenbroker4u,$2a$04$WuF2eCd3tfiXQ0KjnACrBeoVvNHNZrMGCm78/wCPm7/QtCLIbWxTK,USER
176,Kimmy,Auchterlonie,kauchterlonie4v,$2a$04$igNDYdPVcZdy1zqav9GunOiIr6fJy0m5bXt1/zNi9UYoHPc4DCMfy,USER
177,Addi,Henzley,ahenzley4w,$2a$04$fyBCqbU5MwH0DDe4DcYZJOuBmXObnsSKMoL6.TsiCiPoPHv8REzq2,USER
178,Alyosha,Feavyour,afeavyour4x,$2a$04$av/Qlz5e.cLZi.6T0KlITurFNrKY56QmzC/xSHSgDudj79VKOZMzy,USER
179,Ibrahim,Purchall,ipurchall4y,$2a$04$k8q83RI19shzvkU7mCJLZOR/MC1MoQCCCdrObnlK0utTdtCuMfMd6,USER
180,Annemarie,Lamberti,alamberti4z,$2a$04$MigdUwIo/3dt6FzOVCOBuuQRO5umythM/KRRmQ/NOHubFmgJQKJEu,USER
181,Heath,Rostern,hrostern50,$2a$04$iKJlo7SRNSZx3IYD1UzqlOEfntFQ4u2591sauRLXDbpK3VIdICIKK,USER
182,Lothario,Catlin,lcatlin51,$2a$04$XZh1jbZrChDe.qUywSJ4.uzeMo8iA3YwdFbNHUyd0ROWjSzx2/6/i,USER
183,Launce,Jorger,ljorger52,$2a$04$kKsutH5ZMczqN2RTTVP1xOAi2B.uALKmT0iYB7sByiLb7oZL.rdma,USER
184,Carline,Aleksic,caleksic53,$2a$04$bWuTu79hL0SN/2j98YP7p.HVkDBRCy/bGIDhAYQLV.SYGrCu6Z1gq,USER
185,Alwyn,Raiston,araiston54,$2a$04$zVQsQNTkjj/.A/hD9lYbU.F3dlDgldGbpvMoDyz.TYFQYMeFuhAmi,USER
186,Datha,Heddy,dheddy55,$2a$04$12VOpmFwnZYXaWGnsumZdO/5iRded07yI9onTqYpiEb3/v6.FwMD6,USER
187,Ginnie,Josling,gjosling56,$2a$04$FcfkPSWuWLDuYFWjkyKCJ.PnYrRGr4m3Y9wsdgLmVpaDl5U1XPkrO,USER
188,Lindsay,Ayree,layree57,$2a$04$aEX7sNVZC7ATlBGiRiW0iOm0H4bqig4fVuk91Kke7d0wSGNbPB45e,USER
189,Vickie,Okker,vokker58,$2a$04$K3VLqNOxSqcXZ2l69n.XuO6G6jYLvJIvBz4ps6jTp3hmieugfHeS.,USER
190,Alberta,Coleborn,acoleborn59,$2a$04$xKd6.56.ViZTHrdGz07FEu5gan9TtNFaxwzzaQCC0rC8KDyUBXVvW,USER
191,Joel,Dockwra,jdockwra5a,$2a$04$qllo.5lS18K1CA9luJvx8.H/xqxGUqie6tBIf88E8HV/ZSJrm2ANu,USER
192,Hirsch,Skillitt,hskillitt5b,$2a$04$hWNs1tXms1FcBFfKnL7oMO9rjZyCgWzX/p5KCivq5cDAj/5uSY07W,USER
193,Felice,Cashley,fcashley5c,$2a$04$KSX.VxXhG9xVr73ocSJpzuvRDro1tsixCubz2ZW8dloMrusBsoUH6,USER
194,Cristobal,McCarly,cmccarly5d,$2a$04$VT39R.AlykcQ/7SbW/CnU.CaEn7yEYGmLKjt0FM4v30eunD5CLRk6,USER
195,Maia,Camfield,mcamfield5e,$2a$04$KpQgbD7.YQOxzQUYrg0LCOb1Kuvjt5i6ya5xg2QrTqPwUgleTjzEy,USER
196,Hewet,Filov,hfilov5f,$2a$04$9kH5dzF0tydTh0ldC/uQAuxTWsKyzJPNbgWY5GOvtDHEWKcKDMWpS,USER
197,Odele,Murkus,omurkus5g,$2a$04$s.1vcbvH.ambXEs3u1q0VOAp0gkw2Nz6P985Cf9KaYcfE/IfPYoVi,USER
198,Tabina,Lefeuvre,tlefeuvre5h,$2a$04$OZLo/lb2Trdkt8zAN/iwtuFauhsfJ88vepzHooAx8bZjhTm5Koqjm,USER
199,Biron,Dohms,bdohms5i,$2a$04$RCswtjypA7RRj/Xi3pW1ge.jooojBpBEzKU4UpDrBnWyMvQGIDXmS,USER
200,Pip,Stobbes,pstobbes5j,$2a$04$m3GOVQ1ci9ArHcOmMHGwYemu.uPF06tyXh9U3mes1Z1xEaIagPMq2,USER
201,Kelly,Allsopp,kallsopp5k,$2a$04$owF4rJRyM/jA5LpyjolyG.Gf.HqVhqt0Kpj4PS7o8iBu1xen4Htyq,USER
202,Esmaria,Weatherby,eweatherby5l,$2a$04$e3sq9zw4qzMQfc3GmPqi.OEjDIOfSA.V.Go1/xbWyyxXbdI4UXI2C,USER
203,Jerrilyn,Orans,jorans5m,$2a$04$MATUHTrDWrU.nsU8zhepC.rLtewrI0wXyWSRBnr3ccJHwD1AxC5zO,USER
204,Colleen,Ragdale,cragdale5n,$2a$04$Igd0bBc/eqwZ1iYnM1/cbOT/h2yk8PKGaSrRqfvtQhqX8FZRrrNFq,USER
205,Ludvig,Smeaton,lsmeaton5o,$2a$04$u2jtGzdsYKU6Z8x.PBLNwO1TkPzL8.wz3PAAO43En2DIfLO00E3tm,USER
206,Dee dee,Levins,dlevins5p,$2a$04$123o2.d6VEklWW7g7aOWOuBtCpI8gpG6cddvN8CUblMbICHzaMduC,USER
207,Thomasina,Jain,tjain5q,$2a$04$Z3cSBW1lsRxN5afG0JmHKuqqd.Wq.bD7Yjdms1ee83cCiqXZ9zQK6,USER
208,Nikola,Benz,nbenz5r,$2a$04$ujvNCtOpqcqs00e46lXP6.HfHFT7oGZk3.F3cnJVMrxDL7vjpr/C2,USER
209,Jerald,Conboy,jconboy5s,$2a$04$7AV8vZGzj0HDY7IjzQiZU.2Tnp.TPwb2SUUwmqA4TL6R3qZLD1GcO,USER
210,Mireille,Blampied,mblampied5t,$2a$04$FFkXtpdXYZrJf7RSNg0d8e9v5dhn3c0NsBgbVCxiykJtpHiJuU0iG,USER
211,Rolland,Proby,rproby5u,$2a$04$kaYRuiE/7O5hLDlirLv1kuMWIsSoyEWsdawArFlUdFQlEA5nrj9T6,USER
212,Tiff,Coolson,tcoolson5v,$2a$04$/KmuDkNDac0lODtBL6KsfOZPY3ej6BJoGNoirnAoq0NlhPKsUcpr.,USER
213,Laureen,Kesterton,lkesterton5w,$2a$04$wpW7QDrUEgHgQjJEi5qb5.XCROruebcy04TwUWYZkpuKofn01Ycua,USER
214,Kaja,Botham,kbotham5x,$2a$04$GPnHJ0exbSpMQvNNOcPUWOSI6T9F4VqlMUB2eUPYa6gSvLQUMXwW.,USER
215,Jaquenetta,Caswill,jcaswill5y,$2a$04$i6Br3F499nNowVC.4HkYduz8Hs.akhLCQXyNcDnRFSpYcfvb4/jqy,USER
216,Skylar,Dobrovolski,sdobrovolski5z,$2a$04$fAoCxDddZb62GpRDidxeIuL19D2jxfwmnx8fK1Fez1l/V8BzqAo4W,USER
217,Dorita,Skains,dskains60,$2a$04$nmcXcAi47Hxt3aQBtuwwmeb2qE3C02nGE06qlFgs3xWWnRYXCLBKW,USER
218,Lisbeth,Serjeantson,lserjeantson61,$2a$04$nbuJbyvaEAo4SkMdmwNyzecBwBrWX67fmtq6wNs/.70hK0HuVdxSm,USER
219,Murry,Preuvost,mpreuvost62,$2a$04$jJdpHVFbfTwey1zRYPzx6O8qXXjlbc2H2S4OemkgaKVsbbhXIlqvC,USER
220,Krispin,Zorzi,kzorzi63,$2a$04$r9yiCacXqQTcqyxaDIWnputcOD4TL/7oa6CGIy7H8jgdkI2TL4.5e,USER
221,Olivero,McClancy,omcclancy64,$2a$04$Nrs49Xw9SZntLuQUBIj16Ov4bISs/7scrGGLk2rhzSD8kPffLK11W,USER
222,Salim,Rennix,srennix65,$2a$04$qgPkbD4bKEo2meBP3EEjYOubL7y.y.TpTcGuqDazsX/F9UgvxyEZi,USER
223,Alfie,Brownlow,abrownlow66,$2a$04$5kEfDrIBZIgsuWq1GoQy6ukscKVQ5XI26LJvwZcizMiJ3UhO/P.YS,USER
224,Reuben,Billyard,rbillyard67,$2a$04$b5MAulepTj35Znt4jRo5zeBcyaFOfmUCgCL.KFD9MCVHRFX.JU8o2,USER
225,Armando,Mullenger,amullenger68,$2a$04$50aleAPPTM0nZQuXW.ECgehANPFeJcNFY/6mqa40XJL2F94dbmICG,USER
226,Frankie,Geldart,fgeldart69,$2a$04$xoDFQp3srLHkSLW.hBTRkOTtvDszKwNhdRWRDGnc/SR8YwZmDaKIS,USER
227,Devina,Santhouse,dsanthouse6a,$2a$04$AZlnhQ78Ql2w4AgKhgoV9eCq2mCecFtVEdMaDmClPBIogIIrYFHru,USER
228,Prinz,Strelitzki,pstrelitzki6b,$2a$04$4idjU0a7kHGIT0OF8EOM.eTdWA7iF2sv20AlIpO8LLbeMfnJn7oiu,USER
229,Clair,Chudleigh,cchudleigh6c,$2a$04$n6MVhdlJ6VBt9BaREwPF0.tTEfeYFw/mz39eRYwdhUpXtnD/w9njm,USER
230,Evey,Vasyutichev,evasyutichev6d,$2a$04$bEhmpCXKEO3qof4X8w.wj.58uGnqgglakGIbjw3m73JOSMbenL6I.,USER
231,Melisenda,McCarver,mmccarver6e,$2a$04$CgNQbyHaCrwOSFj9LE9poO6cu.tpnW9QpTqsEPGAkqY0QWuAh59Ly,USER
232,Urbanus,Laurencot,ulaurencot6f,$2a$04$copme5Rp9p.XtKxO8BHmauwWtU3MNXpn1jPP9K0RsTZ.Z9MiXqLhm,USER
233,Clem,Zannolli,czannolli6g,$2a$04$y0C3v/cnbIv32S7iBQZHHe4cMwNoBtptZjiREJp626EKtfiObWL2q,USER
234,Leodora,Vaughten,lvaughten6h,$2a$04$2lZfA25FGL9qHmXH5xZhAupEwbgnch9b6VP6RFpLbmr2lyhHt2X.i,USER
235,Caspar,Weyland,cweyland6i,$2a$04$/SVEnawynoqXkbAoQphj9eU0CG.3kR.0cKf5KSOWmIn0Aeo6GEMC.,USER
236,Coral,O'Shea,coshea6j,$2a$04$F2AqqbVtBWFKtsPcDI6MXe4Z1Ua/i8X4KyZ5Oq7bP2MC5XP4BSR56,USER
237,Anna-diana,Bellsham,abellsham6k,$2a$04$ewE2bzSJaaIyjQymtnfxU.E5EkkZFPsvpU6n1PhYRas7AmANVnOsS,USER
238,Morly,Brigdale,mbrigdale6l,$2a$04$DwCv/PnOEq4O.IHOhd5hg.njHGg/iB3PqpqsR0X/ukqJyKjUv9YXi,USER
239,Reinwald,Kumar,rkumar6m,$2a$04$MicV2bJhSptuORKaAUC8MupxE7A8uEMqbJ.3RB/jtXR7.a8Zfk37i,USER
240,Vickie,Greep,vgreep6n,$2a$04$8cFmT.cqgJcVb0ccyZPA.OegTGCwcKQ9G9Qlu9yS6wAyichsfHUpy,USER
241,Carlota,Shard,cshard6o,$2a$04$unPQHLfzCN4LsYFXV1uF7uUxl8tVV6tmv6vraP.A2YM6/lZ6ETXES,USER
242,Laura,McGucken,lmcgucken6p,$2a$04$9r6fzdlCbICPhjAMYDHoqOfGrNiwZ4cTB/exhCqHNGGgEZsVIZWlO,USER
243,Prissie,Nortunen,pnortunen6q,$2a$04$v7JGIMBghGgN/Y3i/L9NlOKogCtI.NIv8VHw8jGInZfHzl99LAyZG,USER
244,Christophorus,D'Emanuele,cdemanuele6r,$2a$04$cR.8U7pCgjFtdgCreknGzOGWh51jZQMc43AI.zIR/ctxjLU7a8eKy,USER
245,Alvinia,Thickett,athickett6s,$2a$04$FNnirLEuqmDNdtvciXxDieWed9Vy50LEmJWe66d89ElyS5dJquhae,USER
246,Marin,Sheard,msheard6t,$2a$04$3zMvYabaXqziwIi8r5Ja/en5y/uFhlq1dmtX6bkA7WMVh8bFN7sne,USER
247,Dorothy,Sesser,dsesser6u,$2a$04$ZRPjeDPrj4AaSLq/egKE9.ydT2Z1c3C/RCFrXO9j/bVxjibrr3HIi,USER
248,Zachery,Yurygyn,zyurygyn6v,$2a$04$nbvF2iCEOEnSv2flqlWFoeXOh.vZPIwsNhtPtcc7pB/PP6mzGPYxK,USER
249,Claiborne,Hambers,chambers6w,$2a$04$8RV6ySxJEpGbzpYM58y15uGU8Yk4y2SdeFc2d8vnvS/68.VVZKENq,USER
250,Myca,Steere,msteere6x,$2a$04$fgRytLfCDu.xBqBs0GkEheohrkezqmQmvPODAIusBeFP17skYa5Da,USER
251,Estel,Presho,epresho6y,$2a$04$E/L9FZ6hCyDYK6EcaXgBiujeAKkK6aScViys0Ov3dNzeS9hFEDdjK,USER
252,Pancho,Sporton,psporton6z,$2a$04$8q6x4NHVBCyn2G4qULzWKe0LOFNfr4bMbwdlplomM/LIHPKj30o6O,USER
253,Merrill,Sach,msach70,$2a$04$E/Y5EAQbEUE.mJaBFaLw3ulNZdvsO8tfa/1o/KkC5CV8UIkcgNaim,USER
254,Craggy,Lester,clester71,$2a$04$4h5npuD84Mlt4eAngdYk9.KB32dhO5VOJU.GM6lisyWf/BxAQGNS6,USER
255,Amalie,Bilbery,abilbery72,$2a$04$CawDefkGHhehHcnaH5JWKO0rIsPAMDXIBjgX590aUalHeYOo5q7tO,USER
256,Lorianne,Hanna,lhanna73,$2a$04$0WOvNbXeopYU/oRn8jejPeZnGepRXmRdOJaSTraSbUiaza.dOSC4e,USER
257,Deane,Dunkley,ddunkley74,$2a$04$24QOQcNP9B8sFIvDP6GOl.XYmQ5soJMGf7w6uQNjGTu/hBjO1QEUm,USER
258,Rosalynd,Brozsset,rbrozsset75,$2a$04$yvAgHeSVeAR5CfArIL604euYWp0Nbe3R20a/ChXgL.KxcW02NZVEC,USER
259,Etta,Boutwell,eboutwell76,$2a$04$4R1qCCLDDvMX45Lc6fEcke9b/Y5XFra6OfBmEVBMmcJ.vcqOp6BnO,USER
260,Elsbeth,Jessopp,ejessopp77,$2a$04$7BMxv7M8dld3aeoBBO7qJObZsGoGILHqunY8gvO18TwuOtpYPyihC,USER
261,Hadley,Petrushkevich,hpetrushkevich78,$2a$04$RlE7ierHDwFWp7MKjWUUA.ErmMLRPBCh2SmF81iQOf8lLHBUx8p1C,USER
262,Lanie,Antowski,lantowski79,$2a$04$eCp90Xa6J3XMwFw0qYM2TuSMmRZ0nTUp/jsKB8LYBr9OD/S9EgsTu,USER
263,Ezri,Barzen,ebarzen7a,$2a$04$8BcCS2X5lirc57wizfmyn.VMW0VkIA5zjQojIQDaNEsP6N.CQsMOm,USER
264,Pavlov,Phripp,pphripp7b,$2a$04$XFvadG4i2jrFPHxWTPhUaOjLuRV8wv/JJOvwIM7Pmqq3c90MTOpq.,USER
265,Arabel,Mathevon,amathevon7c,$2a$04$ivnHgf7Zlho3MYmPbhn9BuQKI64GslbNPgbBuPE/VbDAiUo2Ynmb6,USER
266,Bucky,Coton,bcoton7d,$2a$04$xqIq1wNrbiFQWbDrTpLUn.9HguZvum6ukrot6M0pWrj88vppx1n62,USER
267,Aloin,Dilleston,adilleston7e,$2a$04$d.R0cnrteFafGhRxvPv5A.gStkwHes/WwnAiWbrzweRZg2IoZB2vO,USER
268,Obie,Barras,obarras7f,$2a$04$1HO/965vCNbX10I3hbyPIezKp62IgEB8VcCU3GNVLtrZ4IfKsngmy,USER
269,Sebastien,Cuffin,scuffin7g,$2a$04$t/2Wq9jhVgjiNUACvekDBeeA/Nwkefc6vQ9td0Ll3OE3IwkNp/Juq,USER
270,Chad,Swetmore,cswetmore7h,$2a$04$urGFZsw0Djbjg1HOH8PqYOVjKki7SHuwpmcfhVPPOXhbB1salFJDW,USER
271,Galina,Abrahamsohn,gabrahamsohn7i,$2a$04$.sjqpzVAr/LX2SeUD3for.r3Qhjbq2bVB2O/6bIBmYt/mJtnhg3l6,USER
272,Durand,Dawes,ddawes7j,$2a$04$bspCISl/3si8IMf4djPkJOE45lih74X.Grh7szTi2uYKSDm9oA0yu,USER
273,Denice,MacAlees,dmacalees7k,$2a$04$aPyQ4NMWtuZ26IHgTvQC3.5Ojuwf2IUxPhu6BglTlyDwWOPtoxouK,USER
274,Yardley,Lune,ylune7l,$2a$04$qvhfejRs0QoinFhGPjqglOFOUKIaYptf2N5jb/akP3AHDF7qKzR9a,USER
275,Carolus,Hawlgarth,chawlgarth7m,$2a$04$qE/WaPvSwIQJw8U1ENW7ueuPikFxziUGnK4vH0fOIRohgKH7RopBm,USER
276,Jacenta,Bennie,jbennie7n,$2a$04$gGArrFKX9mewsJybeAk5M.T27Ye26gmm//5Y7f5YynBhVJjs8nMbi,USER
277,Rickard,Freak,rfreak7o,$2a$04$YIuIL0ic17lsMv4TgCTSreQ4AVvN9JRgEpE2JrB8u6GdYuooJ9YpW,USER
278,Alvis,Weavers,aweavers7p,$2a$04$vSAh7WHw/CCsMdoRmrv/guvFIpr3IaT1tQRNZkvozttv9MDPZtnfC,USER
279,Ode,Ost,oost7q,$2a$04$RRk/zrQOg6nYz9jXkw8juufLh80NGBRZpkw3ssHdNmDQAUaicBiKm,USER
280,Peyton,Tomaskov,ptomaskov7r,$2a$04$E/fFN2NNt0hlw49MwcxjK.uD35gUevWGfjGh2OUuZ2XcB1MLwTLCu,USER
281,Tallia,Reach,treach7s,$2a$04$PxHQdHs005tbF9yLxKe6rel6yItUPf86DiNOFph3hvW8rPNsU46Na,USER
282,Florenza,Doucette,fdoucette7t,$2a$04$xTK7wup2yx/rC2NHPJz1We0QerAQ8869mva3VOFRLe3uWSlhc4odu,USER
283,Bliss,Memmory,bmemmory7u,$2a$04$qh6fBzLgGiR2xk1.bTsJmeU29dP/yV9FBzLMIyF/JK8jJ34eFDH42,USER
284,Felizio,Philipsen,fphilipsen7v,$2a$04$CGc0oQujyldoAl0KebqvCe5lJ1wHEdVbuhljltDbxpn4VFsTWH52m,USER
285,Norri,Leif,nleif7w,$2a$04$5T2MQeyrxQT8IheAuaGQ9OYdQz2smQJD9.TdYgGw.PDmoSs0nP8Gm,USER
286,Sheilah,Nelthrop,snelthrop7x,$2a$04$B0huivfvG7S2GvAs7hLn2O2d/Wsp40g0zREQKmFFY5pxsGRgOnFeS,USER
287,Alisha,Barkshire,abarkshire7y,$2a$04$aFc1SOEbby5nrRv1HccdwedC0MozkZgu5ddnYgX9xHjMD/vAsJ2Gq,USER
288,Sean,Biner,sbiner7z,$2a$04$WKsnz0Pl7ZC5amjq7RRtdePpWjkZyT3DPUYCYvUZ6OveA1KgVdaf6,USER
289,Carlita,Holehouse,cholehouse80,$2a$04$TqzgsvOjaoJ3DmkNv2r9XuzKMx6.IUgMt.dICfHetEjlHr2YOFA02,USER
290,Bettye,Tipling,btipling81,$2a$04$woBLcFs4LorJSOUEGSELqOFpTYZMxF4yoJvHNkVmfJF7ufIQ8Vyi.,USER
291,Northrop,Cromwell,ncromwell82,$2a$04$adxgNSsETI.c.M78FVjH0epkFJU54SgrzdWF.bjq./bUFVbOCY.Oe,USER
292,Waylen,Issard,wissard83,$2a$04$wzNeF6YLW2YT3Fugg8JB6eJ297XLDXvxBf0woykwJLz7EmiO6DsaG,USER
293,Miltie,Catling,mcatling84,$2a$04$S7RSg7lYiCqUFiX08if1Z./ichC1PpL6yQdYGCC5jOuwk5lZa36w.,USER
294,Farlie,Tottle,ftottle85,$2a$04$Gq0CA9IMUyEi5dJhVpJhu.hAyakRX7rsR5sjTZibPJPydHIxF039K,USER
295,Norry,Adolfson,nadolfson86,$2a$04$.7L3Mx8W3ZQd0t7PjR97a.qUo1bB2A3PocPqBUkgCjYVuyMrCjc2G,USER
296,Nico,Dalgleish,ndalgleish87,$2a$04$f2qbEZkpVfgcvdK9.TTpGeWCevELP1ThDgG8YeTGUX7oMYGk0OkuK,USER
297,Marcellus,Layhe,mlayhe88,$2a$04$52M8ctjaUXWgu3rprqHXmuqxECDQrBIztyfhJC6FbLStWvqaHcDje,USER
298,Audie,Tungay,atungay89,$2a$04$0OSlVkJZOc.4XYVMBhn5puIgqXzgiEFtxBlt9DpV6HE5RdImzn2/i,USER
299,Izabel,Gaiter,igaiter8a,$2a$04$XDAM6P5ySLTKRKymPNMDBO2UPJ4GnssiURNWGcuWu5FAvG2vTKZqO,USER
300,Bethany,June,bjune8b,$2a$04$27ESd0JLfj.9ll2rzUItCuAUGPW.fYEaxSMMa2Z2GzusdWxP4Ad62,USER
301,Parke,Deavin,pdeavin8c,$2a$04$SrnkWyxHtrAJT/T4nW9iZ.r1G70aKU0/9eG/04w3vlIfKWeJnmG3O,USER
302,Gratia,Tabard,gtabard8d,$2a$04$3s9Pj16K9losSoVUQKH7peOvgMFH6Gt9zgYutwFSyuwWqz8ZF7iTO,USER
303,Domenic,Kigelman,dkigelman8e,$2a$04$.KVKZvv/zejmDDzu3R.KeOFtCBrg8r5YicuTqULJuWPHREZpdD1.e,USER
304,Damian,Hurtado,dhurtado8f,$2a$04$Z4OvGFbj092l4BYlK8XpQON4UV0LU6pYd2jpxeqvl67vcWmiPZbDO,USER
305,Cull,Filipyev,cfilipyev8g,$2a$04$H1aCoTPTrDcYr8Aq6moUE.qHITEYASllrSNGaUPSyZwgKN42kJaYC,USER
306,Fernandina,Morton,fmorton8h,$2a$04$XO29rH1y6PTZTS1BFhoAEuxRfkp5XPBpMGRl9Fh2UN89jHaCvZ.v.,USER
307,Townie,Leedal,tleedal8i,$2a$04$s1nHkq15O18I4UXSO2CK/..E/QOBKywfi5uY8l2H2/5Kdz8jofdDy,USER
308,Kimball,Pudney,kpudney8j,$2a$04$qN8/6hjdUdMuo5CUxyVNR.a6PeQTHVxnpix2BcStdE9Nqx/H.4ogq,USER
309,Grove,Mulrooney,gmulrooney8k,$2a$04$NJDR9PSTcGqZH0/2Fq3iHeIXv08y6Eg3cjtR0DdrQroPySEQN.foe,USER
310,Angie,Malone,amalone8l,$2a$04$IUguyg0LmWB9FXZ5n7N0qOzg89Drs5fFAYGCaPfpmuItyRnyHXzZK,USER
311,Ode,McDuall,omcduall8m,$2a$04$7r1ShmpIf7pq73UmnMukIeqjybzFWG3X2TfKuExRyaTcFvtPHZq3.,USER
312,Ivett,Petchey,ipetchey8n,$2a$04$JLcEP1/hqZuFKia6GRrY/.DMlgj39xfTtvQv7ztqP3VnW6w06L63G,USER
313,Rabbi,Elderton,relderton8o,$2a$04$Q7fLxrcBoS6vLnKhgSmuDerWb8mWzMYKJAmPgR345UdK2Kv5OPdVu,USER
314,Wilmette,Schleicher,wschleicher8p,$2a$04$LVsE.858fCwAgzZiD98Y1OD6XdVBk98r8LYYG.5OrhI5.Yy0sFTRu,USER
315,Dallon,Sikorsky,dsikorsky8q,$2a$04$oMbqZK8Eitk1RJ8SaJVJSeR8MPF5M4jP6XKBMZ.JCnuiyY/H6WbAe,USER
316,Dehlia,Witterick,dwitterick8r,$2a$04$uZdrTUCN7kpuDSPXlrD2FeTOXXtQW7ki0lsYeHtHDifUCK4TAGSD6,USER
317,Latisha,Gouldeby,lgouldeby8s,$2a$04$yLf2RfU9AcDL6ts1JUAAmOaDdEkv72fBAuJlXft30V5r2Get2KiVK,USER
318,Cynthea,Keitley,ckeitley8t,$2a$04$BzcZeoPsUC9a9HsjULikDuXKCCQv0skKSB674jKUjHVqxWau9VJfm,USER
319,Tiphany,Vardey,tvardey8u,$2a$04$yAFiPkBp8NphllImImpSuOgvUspEeqHT8L6ZYbucEHoam1Y6SZHe.,USER
320,Job,Fardell,jfardell8v,$2a$04$GYMKXyKjORhI8rXEIYONHuSMog57uy39r9LU74pAvZQIsniwp4a8K,USER
321,Worth,McRoberts,wmcroberts8w,$2a$04$qY1/UEN7ikYhBjJa5GwsTOyOmzSLTOtyfMiPBJ8BhrTRrtmemnjIe,USER
322,Mersey,Winterbottom,mwinterbottom8x,$2a$04$Njfy5Z./Qou/LqDVIHdIT.jxu6wzczYWqr6IVFda9MXid6UpitrFW,USER
323,Kingsley,Yeld,kyeld8y,$2a$04$TVo.ynw/BfsaQBAIAtWzMeYooSaDZ2Ew1J5BXOOVl//W8PVdprunm,USER
324,Christoffer,MacMurray,cmacmurray8z,$2a$04$kYddLH/ufAzVBXGDOj6pjuxVCg87shWQpKoZbc2AKCmTyGUQrT2l2,USER
325,Adelaide,Klee,aklee90,$2a$04$zPAzMIZu5YFvSj08x7ijN.1ATu9V7IEL2w8is2KeqAUawe4z/0NX6,USER
326,Patty,Danielli,pdanielli91,$2a$04$JmGP4wKmdZuHI1Hj7KqHhO1UaJhMW6XF2MtYshRZmBBbIk9.L87ly,USER
327,Darsey,Tincey,dtincey92,$2a$04$mZboRtWBGdEj.sIcPtJ0OevtLO7BoEa14.OArHwqLMd4P4b52dnfm,USER
328,Devin,Brand-Hardy,dbrandhardy93,$2a$04$rkn8/AHXtWLKOlpD4PKwSuWCxNhEqfiV.Iru2MZEGVbpQjtdMsv2.,USER
329,Candra,Standingford,cstandingford94,$2a$04$p2Lgr4i59usAi0mZE.pNQuVlLDJO71QG/31j3txR4dcmMNgMm/2zi,USER
330,Eugenia,Oakenfall,eoakenfall95,$2a$04$7xmgFKBvcoseXprj61KcWO5jmz8mOQ0DIVDQnvhqZouNMbRauDoiq,USER
331,Mort,O' Timony,motimony96,$2a$04$pEa0OnyFidvGyr9ySazYhOlsg7wZai9NA4cWOiBkXaYwu4Eu9kiC6,USER
332,Bertie,Booth,bbooth97,$2a$04$D09ATiL9gr8wMD1FgjKnt.CeuIImm7bNzJIR6oPzmSaLuyjDRkbym,USER
333,Janene,Nansom,jnansom98,$2a$04$PFSpd5xWeGGDqo8TKh6bDOzmuIS0.Wr1viKU7R.cszKkObZOc4fty,USER
334,Gray,Heakey,gheakey99,$2a$04$UmOA0u2R3kfzrHdY7U9HAuGsqM0VlAcXGIkfQ2EB3rEy/ZbjWKsf6,USER
335,Raquel,Vellender,rvellender9a,$2a$04$dudH5N0cSiGort3lff3D1OWbEqFsZgtvmCpKWt/JUhAUHRQUwcrd.,USER
336,Sinclair,Fundell,sfundell9b,$2a$04$SxzxGf.ivk5UC2vx0pAi8OH/7slTEGCPrJwyKosqg7LtSGXokWAWO,USER
337,Moyra,Impy,mimpy9c,$2a$04$qCa2Jvj5I0sn/08TTVNNLO/nQxCPCvzcCl3npOA7khaAp4NGn4Hq6,USER
338,Miran,Rolles,mrolles9d,$2a$04$1TWuy1ij3YZnLnM9XQyX4enUX8idZ64h.uqV5MsmNUELsPmSy0yj2,USER
339,Aubert,Bartosch,abartosch9e,$2a$04$DtU2krji1a4pLOrUE9osSum4kErb8XS39lYqpQJNeZaDjdvxr54nm,USER
340,Heriberto,Bleaden,hbleaden9f,$2a$04$P.XR2zQD.MeUBJzQjIWpMOoxlJvCmi3dzB/xS12A1M3Zc4CB1TsGe,USER
341,Morry,Binning,mbinning9g,$2a$04$js0rLJetdYeZ6WsC5QLzLeZdo6RF3d3jLydIe9nMmHZf/0PKBzJD6,USER
342,Julissa,Revance,jrevance9h,$2a$04$s6GGlFFv1jXoGHBLu9wDVeE8Kj4LY37LuS0M/dtNwzKxT73DHgv9m,USER
343,Hort,Pitceathly,hpitceathly9i,$2a$04$I8j1aZ8jmqpaeWj/IGBk7.ezdkUDtxoQyb4h4cvC2yKi9LPU.qGZi,USER
344,Ashlee,Crowden,acrowden9j,$2a$04$2e/75cOzwuCgCRspz5kpNuN2a5NZ9asAVYo05hz8eS1tdw5pjCWPe,USER
345,Clemente,Vlasenko,cvlasenko9k,$2a$04$n3e94/zZJb6ilPBwLBHbyuIUQEoEYnzwNqYDSXfic/98Vj50ltHwW,USER
346,Debora,Heaphy,dheaphy9l,$2a$04$LqHQHMvyFWAHq/bTNMmvB.rcwOfNj5oeGygqjKG/7LO8gTkNl.guq,USER
347,Malia,Grice,mgrice9m,$2a$04$4ZHmbkMAM6kMHtG9hbbG7u9RFve1RR5Fjrrq8HR3b1XbVuJlcn1Pq,USER
348,Celene,Cauley,ccauley9n,$2a$04$iXucj/0GdytvW8VjcjqJIe8t/O1Nc2IbdHcKrRQxH5E8MXWilx3di,USER
349,Emma,Truter,etruter9o,$2a$04$nRORFM8tc7Nab8IpmcIVNe1g.RbYB.dd7SwYzn3fMw.C623uFnPou,USER
350,Darnell,Tregensoe,dtregensoe9p,$2a$04$fFjn6VedECccp0aYkMYLgO4XIgNUMLnLKo5OLmc1I0rWq9T7Re2ay,USER
351,Tandi,Revans,trevans9q,$2a$04$bBP4nubv1ilpvBenMHGLqO5D9BUVMDBK9pUi.Qxrmme6RxoSZbYBe,USER
352,Salaidh,Tack,stack9r,$2a$04$lSm0zIbTqgLF78Myb.NydezuT3liYrctXkEfD7VHDtSr7jYUzJefK,USER
353,Gilli,Haddrell,ghaddrell9s,$2a$04$gMsp2.hQ9yroPrU9RXaWlOduekVvbIWIMgCLhX9F0r5lYD4YBEQxW,USER
354,Vaughn,Scrancher,vscrancher9t,$2a$04$/6OzMEI6If1Rq/4e73mI.e2m7oswIyqF7G1vQx/lIB/xf0ozfEy7W,ADMIN
355,Hettie,Jayume,hjayume9u,$2a$04$QMBXWn1TdzTU1/gNkE2ATe0D4KE061NrEDx9HDsqo67oH2AiwjDwG,ADMIN
356,Anallese,Sambeck,asambeck9v,$2a$04$2KsvSRU8sE6kCxlmmx3uteNl/.V6panquG0Qu3HCGKu/RJ5JaxWQK,ADMIN
357,Gerrilee,Humphery,ghumphery9w,$2a$04$ki2loW0Epa90aZclbj.mQO1sIyJ0YUNwtZMyopOsIr9eNiZojF7Tu,ADMIN
358,Cris,Baudacci,cbaudacci9x,$2a$04$EKSCnn8rNFWvfsvH7maLk.5fxOUNCMr9u19GclCgAYfwJO7kX/5Yi,ADMIN
359,Miltie,Brothwell,mbrothwell9y,$2a$04$/PURp1of9nn1RrJhVFoX1uF5QXZRqKoEiAUeSBFTNIUHhzwyjdON2,ADMIN
360,Mario,Gutridge,mgutridge9z,$2a$04$4S5HX.m7pRQKwW5wZSG5E.ten56ECSXUQ/yQM2MxHZT6TLCBh3ZZW,ADMIN
361,Miranda,Websdale,mwebsdalea0,$2a$04$G34/s/cD20zBr4r1Kookmem1cLm452uwe9SgAes8nNc31nKCq2.aG,ADMIN
362,Skippy,De Ferraris,sdeferrarisa1,$2a$04$XCMgYu0aiHl3aigD6xnb0.TiLV.BtnyQvOv5qTI.41YVyGo/fGvs6,ADMIN
363,Whit,Cullnean,wcullneana2,$2a$04$1pdtZEFSIp7rGtZguLqX1uJlNpS4apGOdve4iZ8QIumF05m.1qCgO,ADMIN
364,Caprice,Adenet,cadeneta3,$2a$04$OW4ogFCZB8yTzoEv1TQSouqEEKdgUUOywt5aOdtNRfCk0b8BIJz06,ADMIN
365,Ruthanne,Lainge,rlaingea4,$2a$04$tUvZu0SvzMXqMcHS.SuEJOfrlMWLA6AUzQgFafZlAS019wcvjz05W,ADMIN
366,Robbie,Middler,rmiddlera5,$2a$04$fd1hii1.2ge/XEvSAdHuyu1dnF5YMoKqjn1Q8oEwPBN1k6YVH1.4G,ADMIN
367,Malcolm,Dodshun,mdodshuna6,$2a$04$ObWR3l4X5qwwczT9WWUbgeZ8qO5.S2UUna1N1DRWbbLDVPDU7WN0W,ADMIN
368,Gwenore,Konke,gkonkea7,$2a$04$eSE7P0/ym/YFzb.iWRFo3.SQons6WbB3Kmog2BbhVtRaTeV4BG6uq,ADMIN
369,Alayne,Matuschek,amatuscheka8,$2a$04$srRcsdw5QA3aeJ4shV3IdeodPE3qakjQZbv/1IHplbcFK/X6C/Nr.,ADMIN
370,Ronny,Lemanu,rlemanua9,$2a$04$xQOTJhjXUHovriGuzBIfSu1HD/ax09xl9Xp8N0iZ.va5zlJd00FmC,ADMIN
371,Ryun,Ditts,rdittsaa,$2a$04$PKdnoVNvU0DskTD17A3HQexlvSrrED9bH6drXzF2gxs3TwVWh5scm,ADMIN
372,Sarena,Wollard,swollardab,$2a$04$ggPHQhlUbVBL4mcfZR2.u.VYqIZ40Rf.ZaP3pZcuCEHR3tswLDtyS,ADMIN
373,Milissent,Santora,msantoraac,$2a$04$NsdQ3NHpN0SqweEtOSV2pe1aSBZbORjnZi70eIEaHI5sSf96Emr4G,ADMIN
374,Brenden,Spurdon,bspurdonad,$2a$04$6TqzsJGPEG.CwT.7DjM66up4prV2nxbvnHjFpzCdRrBOsenueNqh2,ADMIN
375,King,Mohring,kmohringae,$2a$04$uDTzhF9y2xYJEchwaLMGEuMcdakps.eBD55UANqaOYnMqDjCBTs8O,ADMIN
376,Ninetta,Elington,nelingtonaf,$2a$04$d5SME/KmKkZsXsJydCt1iuisEzNjQUvIo9glJ/U0SQBU/LWha6amK,ADMIN
377,Jeramey,De Avenell,jdeavenellag,$2a$04$PMtVCkXzexnTTgnM8z4lUO56.zobZUukzd2A2zsARtASki.w9oHAK,ADMIN
378,Vito,Meeking,vmeekingah,$2a$04$w14VKeHeX5Cio6V.y8thsejW0HJ1yMOIMhTrhNcKFElliSpoGV4eC,ADMIN
379,Franny,Raisbeck,fraisbeckai,$2a$04$eUzxLlL2H49F9BhRXMUD2uHCoJj/yTgGU0CBiGotZfDCUT6JoKNLe,ADMIN
380,Pietrek,Goggan,pgogganaj,$2a$04$QXeuaefcW76LvUZAdR/CGeTw/PcWTlvT1Gg.Byk.Jdz3oHrLj74.m,ADMIN
381,Clemmy,Merryweather,cmerryweatherak,$2a$04$LyKjVOrmtImCx0gbG7eSEOG8ZwnEfKj/7C1EwDzD9dznNQyb5M0Uq,ADMIN
382,Germana,Jikylls,gjikyllsal,$2a$04$worOmHc9vzjhs9lY0ek8x.qG/Sd2wK5rXSDik2P3q.BRCzkQtwh6i,ADMIN
383,Tess,Forsdicke,tforsdickeam,$2a$04$jgAzHVefiK7czxWZ1xsQk.m8NO3J/SHhf/UK5VSn22Gh.OEhR//We,ADMIN
384,Crysta,Milbank,cmilbankan,$2a$04$DrX9QirWHAxpLWU/ZcOTXe/2nH7P8QCY/UKPYLVDSuvDh7.2GilV2,ADMIN
385,Jeno,Kilbride,jkilbrideao,$2a$04$Zg5rDMxJC1BsgQNvdlqNy.S8FtvjyC379Jj3pN/n9B3eKVgR7/XFS,ADMIN
386,Karmen,Adcock,kadcockap,$2a$04$uKWNe5a4IlaHaxgPH0l2qOLs2X6XFUUHIVhkyDiQlI3R4b..eL3NG,ADMIN
387,Andrea,Scotting,ascottingaq,$2a$04$fhbty.Li2h3M74D2PaTnQO0EzSc9EnrSsgzPW8mCBTOGWrbbzMGOa,ADMIN
388,Malvin,Rimell,mrimellar,$2a$04$Ib6SMPDGD1lhFVtVLmdAA.iMpFZWQ2OD7OKNOnQQGVpBsK7Sm./Q.,ADMIN
389,Helaina,Lescop,hlescopas,$2a$04$jGH12YMBU6gweFSs5/eZqOJ5qdPUPU/QB8Rrw1JL2tcUCPzNw3eke,ADMIN
390,Bondy,Oneal,bonealat,$2a$04$Rh4YHaMx0Mxiu.gOrvVyeegmx.zSEpnso6Ufeka9cgMrAom9.0Rfu,ADMIN
391,Alisander,Slyford,aslyfordau,$2a$04$hjBQDxoF13xfFbgNndHohOzMRCmihl4JPVD/cxSYKmwfC.JSX9CyS,ADMIN
392,Pooh,Himpson,phimpsonav,$2a$04$FF4Qj9dx1rSXI5rbYllnSujzG0f0KnCXEK8dvPxdhxeqmZ8uaVjN6,ADMIN
393,Ardenia,Fowells,afowellsaw,$2a$04$QJCBvjYk3vRYPwKvfWhJ5.ZQNGIsRYXUUe4bMzhhvfcNjYJhn5a3m,ADMIN
394,Jordanna,Goudge,jgoudgeax,$2a$04$L7Lm641sM4sF/QFvipqrJuImhkGF292JR2ElnxiiLRHFzT.0wPYhC,ADMIN
395,Vassili,Windous,vwindousay,$2a$04$Cuq/vC07vLGWtfLyoNF.I.0f/f1JTxAoNyyWY7SbzPjzOXlcVtp5y,ADMIN
396,Charil,Morfey,cmorfeyaz,$2a$04$oPt.Ek.OWvX0F8MrXo/LvuOx5X/dG1/c5gqiuDRjAUJL7rHSuXS/e,ADMIN
397,Willdon,Lethbury,wlethburyb0,$2a$04$ELtqYkP0sq4dgFvJwXkXv.u6CTORt.NXlJ0LnG4e4XKmdWjME/.T2,ADMIN
398,Muhammad,Potzold,mpotzoldb1,$2a$04$MdmtaiGCl3GXxArwv5GQsuRy116y8C5LT2oRbEdyEQJasFroedTGm,ADMIN
399,Griffin,Lace,glaceb2,$2a$04$1fFkfkl1ENDaKGzaS46v1OLeiDSeA5VCBx3RjjUH.25P2psQu1DCa,ADMIN
400,Darnall,Canizares,dcanizaresb3,$2a$04$Lv/muU3lCW/DP8KUNaLT2uDiP.m5WHFdIChSLE7oFEr29tgWEPS/C,ADMIN
401,Waylan,Darthe,wdartheb4,$2a$04$u1OnCRryMtyypx3XHVy/DexFPmR2mwjzvpVHYd1ENTsO6.8CaKzY6,ADMIN
402,Merry,Petley,mpetleyb5,$2a$04$pVVwtER4/6r4Uq/EgU9zKOyctbRlMj8TZlvNGmoYt/j4q80nun6zC,ADMIN
403,Kippy,Terlinden,kterlindenb6,$2a$04$cUbj/ULlsILS/MvWTck7N.ssuOFYgg90cD7M9zS1zBoeZH9NuDx5S,ADMIN
404,Franchot,Glader,fgladerb7,$2a$04$hcLbI3HIswAunY16r/M6.ufBVZCq3k/nBZ5AM24tgqoZneSdQ2EnK,ADMIN
405,Donni,Legging,dleggingb8,$2a$04$cGVD/ZxjmFHBieihXgeKKugZieI6hjjKZm5djaforNGIbHWM7deYK,ADMIN
406,Lisle,Dufore,lduforeb9,$2a$04$Io7OaVBY/XxDTwMlVfKRtec8er8ZvjMzUrOUf7gMeBiFQDxvVkz2O,ADMIN
407,Lyndell,Farnfield,lfarnfieldba,$2a$04$59t5Sfi2F7SLenl.ZwV7KeESwkjTJ2qeKzfneX5ygK8XMaeeIjiy.,ADMIN
408,Jackson,Enga,jengabb,$2a$04$uotvicL0/v.9UItj9Lk.xuMZyYZrDaF5rr4S3gzwlhURphLy5hfTC,ADMIN
409,Torey,Cardon,tcardonbc,$2a$04$Jym.Vhvjlsa4XBhUnAcl2eAF6x2KLv/u4yOPN.RoKDoWGRxM/Rhr2,ADMIN
410,Danila,Ertel,dertelbd,$2a$04$7UhO6bGRkRotKjcAWDqA7uYwMXalbvUHI279SAPkGs5CHwLFaIH4W,ADMIN
411,Pierre,Messingham,pmessinghambe,$2a$04$DnFnGx26bp2eyZk8UrOVr.WfLLABIeTojgODTOXzWy8JxScaJ93La,ADMIN
412,Markos,Barosch,mbaroschbf,$2a$04$8jaY8gVg4QcAYeEGDKASnu0hp4o2B2kzJJsFwlxiMdjG0z6SzG.ku,ADMIN
413,Christean,Rajchert,crajchertbg,$2a$04$WR5MUNI.ME5daKK15IolR.tEZ.PA4TVbc0GglzC2pACiPo2qUWBqO,ADMIN
414,Valle,Kornel,vkornelbh,$2a$04$Qk5dYnN0xdQWxujEGSxQDedkbxmTchSWy3pHfPFc6wibxZ75Unw9O,ADMIN
415,Luca,Munkley,lmunkleybi,$2a$04$dfOxhoSCDWxKyKBnyGthKeeoQSUFB//Effe/6iRXkpcauNPpQ3GWe,ADMIN
416,Bjorn,Oakton,boaktonbj,$2a$04$dzY2bKV.S.LdoXchSYnT1..THrd7Lz7WNryILihBldHe03WLVW7sO,ADMIN
417,Theodore,Normanell,tnormanellbk,$2a$04$2o4T1nDlHNbA7J2AEGaWyusdLabpjeE/HZjvHq/kquL98EDMzmaOy,ADMIN
418,Averil,Thorold,athoroldbl,$2a$04$Lz0F7O00zsYOF.cMXwne8OARBBlqqIbiaIDL.4F0RtVcATBVFQJuS,ADMIN
419,Estel,Kline,eklinebm,$2a$04$MXZzUc9lbECYznd3T/C5e.Hcm7YA6cvoZxyWGQTi9sqMeruAZA/4W,ADMIN
420,Gerri,Avesque,gavesquebn,$2a$04$cEk8cuRSEUFS4g3Qj24J7O5mELTeVC4Q5EZih0pdggCJK0o.9FCau,ADMIN
421,Emmalynne,Towriss,etowrissbo,$2a$04$Pa4F4G7I8oCCpUQ3uVMgduseIIIdbvWFO6rDdNGxSuKmZ9brhRR0G,ADMIN
422,Fara,Andreolli,fandreollibp,$2a$04$9LLznudYycywL2W1KXtvL./UIWwzEUntQ0Ne0bo8hJekEoXQT5QKK,ADMIN
423,Alvira,Pullen,apullenbq,$2a$04$d2mYiFRSDPypbFMyRwWIYO50k9h.a7NObI1PMrLGIESDk/CzHsC/y,ADMIN
424,Barret,Birks,bbirksbr,$2a$04$m5vW.roDaUv7DYosKwVhgeEEHDUas4jHaTo7vnLXCND6R1YL2Yn0u,ADMIN
425,Paige,Fearenside,pfearensidebs,$2a$04$7ZJ7P.WvifZiYZHBmnZ4w.GkGZYfJ3MagspzCa2vCTw2hPK5vOQda,ADMIN
426,Nani,Rissom,nrissombt,$2a$04$Cl4CSm8q2xRThdL8cUSKc.vjY6O09ciQn9Zf03bgEfBKIXBj3sn6m,ADMIN
427,Arnuad,Teas,ateasbu,$2a$04$GbEHH50hF04FLx9VolhsU.zDpavfsawUYzqSsnT9Sh/Y9D97O4CHy,ADMIN
428,Nikolai,Askem,naskembv,$2a$04$pZKRpnx9bumVmsf/Q0.mhe1LhueKbVYDpG//ppfUzp.cpRxb3aSVK,ADMIN
429,Jan,Mully,jmullybw,$2a$04$HGx/vJ8QbgBzyP.PJ0AefOrb2KHm0iwvwVA9M3Yp.wbZ5TvbruvC2,ADMIN
430,Tatum,Bevis,tbevisbx,$2a$04$pkRlh8ey9ulpTOIfZslSeuO5uaJOgXeoeGOp8LJwxFef4EhtbgHo.,ADMIN
431,Percival,Gravey,pgraveyby,$2a$04$SoYabXSJrk5FAtj4aP6xguM8mqbuv7ojlU95yDHJMiOKQnzR/RRWy,ADMIN
432,Hana,Stancer,hstancerbz,$2a$04$P.phj354Rn4Q5elFDx2gH.4zBm15xtXTYIakqGzXFFJe2xoaxosIm,ADMIN
433,Sybilla,Neary,snearyc0,$2a$04$dmnvlJI2AtCkFkNbrKKfL.M/fIzrRsZPuZx3FzGpcSXMlqmWMZ6xi,ADMIN
434,Dulcea,Cunliffe,dcunliffec1,$2a$04$o3xkCVlUVGL8a1.r//xm8uXpQ1qS8OqCRsRpF4n7KzC.KW4J1.moG,ADMIN
435,Dulcie,Mollindinia,dmollindiniac2,$2a$04$vnCeMIBl7XK6z6gGHQsJteF5wVi1yh2/CI5OB8ZW9YVnD8WeW5y5K,ADMIN
436,Ferd,Castane,fcastanec3,$2a$04$fvTzJRvYagj9AWpeT/3g8OLYGlDeCDlv1GhcMHmoCbyxBCG3wZ2gS,ADMIN
437,Melvyn,McKinty,mmckintyc4,$2a$04$K/lD1RKq3QP.unZmBv5IOOQFHccGeAzu28l5X1CsmBuG4K7PDZ5v.,ADMIN
438,Devin,Pumfrett,dpumfrettc5,$2a$04$G04qGKDwygBshasyxiT0QeQqdmvSk1H469mzByh3njBoCWVnC5o3y,ADMIN
439,Fidelia,Littlefair,flittlefairc6,$2a$04$JlmZgXSapP/4rK1jQQQ8Lu4Bu1Euv/WXl9oxQh89BmcnGubPkZslq,ADMIN
440,Carolina,Gergus,cgergusc7,$2a$04$pKkf8MCsN6IIPbybvylKQ.7pbRcIG0ppViw56EClb9l5pqCyKW05W,ADMIN
441,Leia,Roalfe,lroalfec8,$2a$04$Mnxsu/EPgUX/CB2TK1FY4uOn85j3Yh4XZeD.gMaTIe0MoN1iaDMaC,ADMIN
442,Juliet,Vuitton,jvuittonc9,$2a$04$xFJx5/6DNQZdhQfLIRnZUulze1qIGlSdIXHgbVN96KZUWRY/yKcUm,ADMIN
443,Levy,Gringley,lgringleyca,$2a$04$hlgi0CO1VD7d32KG8DmMneVPks06fByqRWTGQ2HrR/VJUMUeTQXkG,ADMIN
444,Reta,Magarrell,rmagarrellcb,$2a$04$g3ZbZsgT.JUpEfG.Kc6bAeflMPHs.huuaIU3m2rxW3IrNI8j2xte2,ADMIN
445,Coletta,Bickley,cbickleycc,$2a$04$Cu7WeA9GaIDwtizilKLeKer3mI97gA.C0cDIM/as3TNIZFdedRVti,ADMIN
446,Tanhya,McKeran,tmckerancd,$2a$04$6.LkfSykJxVvK5DC7wvFSey9sO5VdbacMFEvt9S7ku0h.VTL6aod6,ADMIN
447,Emery,Boxen,eboxence,$2a$04$yFOobYXwkn6nxjYs107mWu5TJNjttDZZaVu5/PYaGrs8U5bul0t32,ADMIN
448,Sallee,Chalkly,schalklycf,$2a$04$sfDt4k6c3Cv2QnOTeisrOuKEMvG6.nw2T2QoWrW0ASd0SHGxGNeXS,ADMIN
449,Haroun,Hawse,hhawsecg,$2a$04$0ZwydxlmYngacJHyR6vJTeBFiHZtnfmYol0WZqybJmVsoYyrFsUcS,ADMIN
450,Nita,Rekes,nrekesch,$2a$04$1dzhSn89MPrei7j4A3vcXe2oa0qJNR7fnFFXyxg5dsyR6uqOdO0nW,ADMIN
451,Josie,Wildin,jwildinci,$2a$04$0yHdowht5A5zeqpugfyDb.1hDCr2FGthU8FzBEpLiFpAMsu7uVp2a,ADMIN
452,Mauricio,Rotham,mrothamcj,$2a$04$sAmtOuzzf2mDevAWMC/eCuHVW2NZIQYj4IbCCBCWOe1Lql2HDsUJO,ADMIN
453,Andrew,Pyett,apyettck,$2a$04$kf5oRw2M3Cd/QNxAicSDc.BIidqsJp5aO54vjMiWHx4T3juEaOkCm,ADMIN
454,Margarita,Hedling,mhedlingcl,$2a$04$Vn/u/yyKN1BUvRq6MTrbj.f.uPk4vzH8WlMRCOUmNP0QZPOmxFLgS,ADMIN
455,Herby,Curran,hcurrancm,$2a$04$kexbgLsJjWahDeixiuWc1es/KQny7UTuvFS1jJ/zzsLXVBo4PjMSC,ADMIN
456,Kate,Dacke,kdackecn,$2a$04$eeCocAgVkvk1.Sh.LCPjSuIhFas8jz4KAYrPhfHOwJXNnbrA/ZWPK,ADMIN
457,Alley,Marvin,amarvinco,$2a$04$JNXeQ5YZo6BKq1wL3.vd7.YAEay57piCEpm2j.ZWRt82Oi/E5wWaa,ADMIN
458,Natale,Danher,ndanhercp,$2a$04$a69E0vCaFMoz.N/SyIef1e1Klh6U65hPfzc4uB3UzUK/7lAly2AxS,ADMIN
459,Basia,Spriggin,bspriggincq,$2a$04$BvF62VE2f0jDONgBg00GTeuEn9CF8ZVTn8EuI5RXhWbpaIdPf6nL.,ADMIN
460,Kendrick,Sandbatch,ksandbatchcr,$2a$04$eVS2ULIjetL2Gf4AMH2np.ndinY9zODNpAoOSsx0yrw7ZzEcurbq.,ADMIN
461,Millicent,Amer,mamercs,$2a$04$Lblbte/pyGu52dX.AWlyLOQdCG5//dILuwjmnCTPDa.MSD45josd6,ADMIN
462,Towny,Tallent,ttallentct,$2a$04$3F0UVyZpL253f6lL8giok.Kktdy3x3fXUjEVgRHJ.ldvkWXcVLKKK,ADMIN
463,Alair,Knewstubb,aknewstubbcu,$2a$04$xzN8klfX7hDC8BnIDlY5LOvghbnlO2f9nebzjGTWQiAnDPWF5qj1y,ADMIN
464,Wendall,Blonfield,wblonfieldcv,$2a$04$AzSblp9TNn8Nwwg3Dj6FmOD5RwPs1bJFXH2DdenbzfSoYrpLeDVf2,ADMIN
465,Helge,Crouse,hcrousecw,$2a$04$N2aRVBEscOWK7ncIsxTFV.Rv7udKXHAy/JufZWHrvi5nKXJylYx8K,ADMIN
466,Adelice,Viscovi,aviscovicx,$2a$04$EDAlFz.L7q3EvsBDZuZ0Tu3zG0x/1sjEXTQFtL3AIk0rQEGA6yCUm,ADMIN
467,Sharleen,Welland,swellandcy,$2a$04$lGQn6PPj.VQ5a7B3qVBwWenkOkGeha15xzXcrh33ztmXhMfoO9U7.,ADMIN
468,Arlee,Ludwig,aludwigcz,$2a$04$ddQU7StT9v0.BKiWvd9iW.kezqyRvqkXJWVNelhIdK6IJzxOu1G1C,ADMIN
469,Tab,Remmers,tremmersd0,$2a$04$3WrIYN3C.76pDntHp8ZuouEo/cHs6YnghMI5iAw44pPArTenJMmYG,ADMIN
470,Zaria,Lusgdin,zlusgdind1,$2a$04$EZIwP5NgrUT5OorBvehW8eMUtQGFU9Olq8wqLdvuRQNhpekxGrEby,ADMIN
471,Cathyleen,Abramovic,cabramovicd2,$2a$04$El0fVMXgKDbfHYwsNeEV1uid2bJgveb5clgOYzxe0lf164.mv2i5u,ADMIN
472,Jessa,Lemarie,jlemaried3,$2a$04$BvIL1aZCxa41QSWVDx6A6O0Y1haLGSz4aFBMsKB4aH4uJUeY0Dy22,ADMIN
473,Elie,Luce,eluced4,$2a$04$dF2yA28Sm26pc/nnHdaCQuk9gs2sBx2dbKkfqAOoABVWstV/sh3rC,ADMIN
474,Maurits,Shorrock,mshorrockd5,$2a$04$Sx4jK7axPCV8oTjoklM/JetkFg9zSac8ZXorRBB..bIEnp3LUs1/2,ADMIN
475,Otho,Chadwell,ochadwelld6,$2a$04$xNUWgv.n8OFeTtE.rdBatOSAc1.40bAt0OCTh4wrGF7yMFvRgpXWq,ADMIN
476,Standford,Mussolini,smussolinid7,$2a$04$GH2eyus0Ig4dSKYDwdMG0eFxtcAcYrW/4qRcly9BPvjm9Q7QdC.Su,ADMIN
477,Shina,Prestie,sprestied8,$2a$04$5SODMrBC45JZ.DdMoHZKRePFCuWhoKeoI94t65FRZ355BLy/86t/u,ADMIN
478,Quintilla,Loyley,qloyleyd9,$2a$04$HZLAid4za8rHpP.UrFKw.uikW2OP9WrhG64XJoEi6rMzwLtOC8Dg6,ADMIN
479,Darnall,Gathercole,dgathercoleda,$2a$04$8CP4ShwsTWX9RQGw3pn4jeqor0C/KYTzTYGhjmoPRY8RQdBO48hty,ADMIN
480,Rhiamon,Plascott,rplascottdb,$2a$04$9fPnwTcincqa8q/zcN.Bh.Mj2liqAyHJ1XacrucmEinYELJmDP6ge,ADMIN
481,Izzy,Kilius,ikiliusdc,$2a$04$vNGdEsL1pEWcOlQ6QNioxe3fdY.yV.w3WCrx9L5SxTbsegZoqNo8q,ADMIN
482,Magdalen,Ledrane,mledranedd,$2a$04$WY6ph3Y8IoReTKtXd/lqn.H1BkQQVz1x2vAF4hfcosJSScGaDGLqS,ADMIN
483,Wiatt,Mackney,wmackneyde,$2a$04$pfZTfLy2GxRTI5A.vWbSJuU4IbJdTXt9WoHzb09eJ3QpK55y2C6Ly,ADMIN
484,Harli,Dunmuir,hdunmuirdf,$2a$04$QcpABzqYleYvef.Bya2IGurCP0MEwLuMJFoDK5IcSUp4fmPEEjW8C,ADMIN
485,Lamar,Dumbrill,ldumbrilldg,$2a$04$y72N5Do6Zc77YL7uQ96a.O58PHTO16hEmQ/JjB5kdqkr5.dnEXyM.,ADMIN
486,Ellery,O'Hearn,eohearndh,$2a$04$TT3S/qqkv3CVCpYC6TzUZuAPOhWWK3alNc0.gi1CBrCnpzOAcx.we,ADMIN
487,Kelsy,Lagneaux,klagneauxdi,$2a$04$VzrGZ8KBgEMMZP/XHNiD9OTEXNhhdkUWCGW8B6kdjrna1qv4j32R6,ADMIN
488,Lorne,Spon,lspondj,$2a$04$3e8U/u3xR/mwd24F0kmdYefn0qI7MdLcJlPz6AijsC.7QYfeFAhA2,ADMIN
489,Brian,Dennes,bdennesdk,$2a$04$GgoipPDdYHBTYFFQ12Zmz.9YfPTio02v95O0TRui3oXvFh/hNkza6,ADMIN
490,Eula,Nevin,enevindl,$2a$04$6kJJHFkCBBwngh/1RhpeHu2UPRwby6XXdBCGM8y5a3BVjyCeOvv/m,ADMIN
491,Don,Perfitt,dperfittdm,$2a$04$A2.CPGYLgqxgKqsA0eJSH.5nc9gjRQPrPymxAh7NRZdUIYKgEZa7e,ADMIN
492,Maighdiln,Mackrill,mmackrilldn,$2a$04$FKVMRvWSxR7C9NjYuSiviu34TmXXFm.t48YL4eqnwE5RHH5Ksv96G,ADMIN
493,Julie,Consterdine,jconsterdinedo,$2a$04$yIp5CKxYcyFpg1.5FJq7guCJLjHqBB1/FndCibFpQdwGy2HzC.5ha,ADMIN
494,Carlyn,Bullman,cbullmandp,$2a$04$Uovhl5/aL9rufmyPFM0qCe.B8Zpyd6SpkjjRsLBv74GHJ/uS89oqm,USER
495,Ester,Weathey,eweatheydq,$2a$04$fE2HWyBuiuSnyqHvT6Q5LueI6m1BaXOnQ5qfrh8xKtqF67chp5CCy,USER
496,Neall,Monteaux,nmonteauxdr,$2a$04$.NzHWLWfphTs0l5GvHnHCeofDliYwI1F.taUUB8fvjirwZaMmm9e.,USER
497,Jillie,Twigge,jtwiggeds,$2a$04$cM7ZMR696njOWH2LPiTBhOqTApRrMCCY3yO/XqYOl55/9S58PAogK,USER
498,Whittaker,Bellham,wbellhamdt,$2a$04$MWd2Y7U/kTHYPeoSVWndYeHH7WmSo81kbc3ouxYj0WFDQaKX/dR62,USER
499,Lexy,MacDonogh,lmacdonoghdu,$2a$04$lUIFZPcmAuwwg0/ZjfMCReyuZ/y.dZbYEG0TSz5QhT/r/7.nzLR.W,USER
500,Hortense,Pykett,hpykettdv,$2a$04$L0sjYIzQy0IHzp0agzMI3.HpMhiJ4NZZavb7k4.bgcyHUZYiGLZ3a,USER
501,Grace,Rappport,grappportdw,$2a$04$g6BnK7tJWT7pAz3C/V.YfeQBFNgoeX/1rusjfBcE/dRMYoa773A9.,USER
502,Gilberta,Forrester,gforresterdx,$2a$04$pYBBw56pjqOYKML4S4bP2..1FXVlEQUEQJe9eoqpQZFwe3Kf2iGXe,USER
503,Arleen,Hudspeth,ahudspethdy,$2a$04$GW7QPOKUuM.MdrA8f2w91eJdyJP8NzMhLv/N.N5hfdN7VfR9M/5.S,USER
504,Alyda,Slyman,aslymandz,$2a$04$Xy6Ec5HX4AgCUFiOFuplIu/tSP85ucLQbHkODOVIhZV6/Lu8WwCzi,USER
505,Laryssa,Dayly,ldaylye0,$2a$04$aKaSTZJquKqja2yrlsFbNe06oo8K886GlqZDbI26vsg0hVgxd8SMm,USER
506,Riordan,Brittian,rbrittiane1,$2a$04$tulP/zbmkZIA8T6J8neWbeSrobkJEQDCDLfno7hkopobhZ.40ohQm,USER
507,Clark,Guise,cguisee2,$2a$04$ZtdFWvFs4XQy4WRtthGQBef/riRL6U4a/KEebeIVrEsYXxS2RGZAu,USER
508,Lloyd,Sherry,lsherrye3,$2a$04$cq2k1OMrFtEwqRX0AQkEm.w1TRb.XVKCfLWs/szQrveNE3Db7GzNG,USER
509,Park,Pierton,ppiertone4,$2a$04$IZdqNrNdllGXoVCmKD2w1uz4TPfGTIFlvAK2MXQL25lEio9gGi4Ty,USER
510,Stephan,MacCrosson,smaccrossone5,$2a$04$fI6HkWayzoFY6HkzHjh4jeHL1XLqBXYF1ZLGI1i1g2YfEXCpalp9O,USER
511,Algernon,South,asouthe6,$2a$04$MS3OqSbwKOXLow815/t4L.6KoQCGg5JOzXGyRCQbPJNaOoQUeDxq.,USER
512,Holly,Cartlidge,hcartlidgee7,$2a$04$vODtkGYRE/C44L.sfZshQeOsCZRwqxYq5NNR5N6zK8rA.4brNMON2,USER
513,Web,Kirkbride,wkirkbridee8,$2a$04$sg1eV2q1ZE94G4x5SOvR7uOYQefd3KRk61awG4by7akPWf43KXXoi,USER
514,Grady,Jailler,gjaillere9,$2a$04$oVkPlbKdzax55bdlh3CzUuxG3d4Xg.HeDkxZLevC0KDlGWrD6A4T2,USER
515,Catlin,Spykings,cspykingsea,$2a$04$GLJZaAMuaKcekTHxyyJkHuNte3tjJr0ek591cg/1u6TPg1G5KhOrO,USER
516,Kleon,Garm,kgarmeb,$2a$04$wxOuL7Eb6yiW11RLIx6M6uPjh6k8e8NwN7gswqobQWQpIXwlC.inq,USER
517,Mord,Moulden,mmouldenec,$2a$04$0AdN1nLfHFCHWUU7j.tE7eZuDKzJFOuN8nkc2IbZO6Tnmyg6zMrnO,USER
518,Carce,Klemps,cklempsed,$2a$04$VRYrpsZDxHlX/WZuQs/XnegKTMqDaXaNpYxVce0bOK.BGc.BbuWRS,USER
519,Loleta,Bunning,lbunningee,$2a$04$EByTeIAXiKtWW4PzgUfNLOYnDRKAhu1owrOwHxswj5UvNq4EVmZbu,USER
520,Celestyn,Realff,crealffef,$2a$04$2cHwA1t3sjdsbu0mbSr.0uX4KCqVoSDKWCCKqE3QeCXxZS7hxuAhO,USER
521,Amalee,Fake,afakeeg,$2a$04$ALKx5UsrA7fItXZ/6f42Ou1/p0L4TJoBXfqAnmbw141UJb2N4QufG,USER
522,Evonne,Alessandrini,ealessandrinieh,$2a$04$nAlc2khtDHgQDSZyuGrJLeo23ho/nHyOy/pY643/VNssnTmBhZYs6,USER
523,Vivianne,Bamforth,vbamforthei,$2a$04$pAlgwtyWE374B4H43Jwxh.5qn82gvlClV2nrd43/8ZWid6qTZAPPW,USER
524,Betta,Barbey,bbarbeyej,$2a$04$TdMA/lgpO20PX0VLbxUqk.LcKInIlkA1xfrGgPg4jpehG7N5Nlpna,USER
525,Lilyan,Pike,lpikeek,$2a$04$JrCbL.9DPJ3wR3bgBPHBjODtIY7fDKyZSDcCKfykKLpUCCGfXo3Km,USER
526,Fabiano,McKeighen,fmckeighenel,$2a$04$vtdG30KQZOnj9mfMxb3KD.BzPLlsUnbLHazWj.LF9jDXZcBwVEj/a,USER
527,Corny,Currer,ccurrerem,$2a$04$eVX42wrwzTpWSWQJ09mJfupNsV4w43NBg5XzvkuRaaBSxJiEiPCu6,USER
528,Gordan,Proppers,gproppersen,$2a$04$ulQVqHL.yXt83bS2yYG/zehjlWbPimBAxXGAc3z8xX79/mOenH3CK,USER
529,Giles,Borleace,gborleaceeo,$2a$04$jEpPXR3A0aajY1VyQii/1O.bX37ITi0yuKcL/xNX5P36qpz/WxahO,USER
530,Madella,Gomm,mgommep,$2a$04$cZqIMDPHiCbrG3v2LGgs2OfNL5ccJgSdZtVWkT3zLp3S0AGHcb2D.,ADMIN
531,Min,Adnet,madneteq,$2a$04$yNvYQsnoJ42kvnJl0lx5Ee7nXG5nNYyOYFEsKjWkfiBVOvldjyARC,ADMIN
532,Gray,Blamphin,gblamphiner,$2a$04$qFn9QYNlEBqYreLnf/1SO.rop.cnmzHiUSrpGxVmQDxfjGWSWPZz2,ADMIN
533,Clareta,Androli,candrolies,$2a$04$8ER5oJ6witNUtAj9VliUIOLBxVo2d2ntF0TY5XGK/GGvH8WAroPAK,ADMIN
534,Allsun,Baumford,abaumfordet,$2a$04$ef/9s/UBb0J9ocdOhMyz9uAFmLX65Wd310ZCNchjEQRTqt3cwzRBm,ADMIN
535,Zonda,Harber,zharbereu,$2a$04$pjSzJhIzZYGfNzn4JeJ7jOuH0hwduMVQ01ZVSepbe2Xlx2kP3azPG,ADMIN
536,Barde,O'Hagerty,bohagertyev,$2a$04$ziKX50H64lRdS8ZuP6DwrujsR/6PAvGPLfhID/kmy.Jhf68R8.8Iu,ADMIN
537,Sigismond,Harvett,sharvettew,$2a$04$GaTjzp1vAbVVjyl3DnYr0eiWubLT8be.7AdKLXBtnyN3quOWxNBIS,ADMIN
538,Marsiella,Bonifacio,mbonifacioex,$2a$04$mwGksuxShHCZziZkrbMkj.je84A6KSUQSe7i7mmp2VC.lfEOnz4h6,ADMIN
539,Cammy,Morgans,cmorgansey,$2a$04$nLHPHa70QMnBEpw.qR/T4OCwJ9uolaoX.PVkQyrGlIoR83Ky5tOIK,ADMIN
540,Rozalin,Zanicchelli,rzanicchelliez,$2a$04$/LxZ29yYPFuLWjv9knZ80eENnN1.NR.eF.DoCRyG1Sc26hqbgc2P2,ADMIN
541,Meredeth,Latore,mlatoref0,$2a$04$mDRbSprLp9NCNL6ibm04P.D.DjtPnylAZihs/V.9GfiBiIAvDc7I6,ADMIN
542,Patience,Duignan,pduignanf1,$2a$04$lC847rWw2XgaFDtRqkUbVusGiRVXrTTHBk9prgAzHQUgCHIPVZfXa,ADMIN
543,Lynnett,Jansen,ljansenf2,$2a$04$G8KC1Y8rDfrlaZmJraAXgOVfS7iDqPfDLN4Uy0ZwC.xtIVCNkXluu,ADMIN
544,Vern,Punt,vpuntf3,$2a$04$Gunzf2cU2K3eJB5UC/nfPeHjHXIi9uJ2HgvByH2vn25LBLIGRkb0e,ADMIN
545,Lorenza,Jobke,ljobkef4,$2a$04$b1rOabbjWkIELVZSqie5rOCtnmj3IAsCzl04gQoJplHlKhC7gN82q,ADMIN
546,Dorice,Lawman,dlawmanf5,$2a$04$RorI.b0rC6Y6..ncLH7FGOdgDxWwoZ9W5hwAV0cag.ta7ViEEgupy,ADMIN
547,Katerina,Dewan,kdewanf6,$2a$04$CXOjwAV95vt9r77A1BoN4uOwp.r7wjBpLiZpM4r97aY8E/lm5LEAG,ADMIN
548,Jobey,Timblett,jtimblettf7,$2a$04$fF8hOaiNkfzTVgQ4td80jOvEdzkp8NZTPQrChoPuy95M0npQPYV6K,ADMIN
549,Shawnee,Coetzee,scoetzeef8,$2a$04$DU84.Jo/4OxkzScu68D8D.tPMGAlWgHUIPNCtyXVNZx6wYPmt51ie,ADMIN
550,Peyton,Hursey,phurseyf9,$2a$04$j1etJFHvPKSFofaaeCuj8eEnSczbxLjVJj5FfQSL.2Ju4O9eVpl.W,ADMIN
551,Maddy,Skeates,mskeatesfa,$2a$04$CBRy5Jg6liFK3Nq2FIi56ew.10.fBlI7WvTlFJjAraNYszEEuRBhW,ADMIN
552,Juli,Hacker,jhackerfb,$2a$04$RCPJBnJl9WEIIV20.WZ6T.TE2/mEw2A21gxcfzP3.AGJrBbGIzw22,ADMIN
553,Tina,Truter,ttruterfc,$2a$04$PGq4oJfFUZfOQRR05JlKR.8gEDVBgiU2s4n6cKA5KuJS.Nn8tTsgq,ADMIN
554,Laurence,Domerc,ldomercfd,$2a$04$81UuJRZhHjnXTnXn9mApnujH0H7yYvwjgyFODxFsCClqnCrl9CDDu,ADMIN
555,Ruperto,Holston,rholstonfe,$2a$04$lGomOlcj5Z86FoXH4MbbCe6l6Q44MSfjpm7fHnJSkI4JveBCe5sOm,ADMIN
556,Conn,Jellybrand,cjellybrandff,$2a$04$lTKu.luvfEYoaLNhmqagG.0QZYkVZ/3EqCX6liYVcpKnvCw7.0NKq,ADMIN
557,Tally,Treversh,ttrevershfg,$2a$04$3lLgscoa.U7lx31w4opPruV5lE9FB6OTwTwn9BxGM1PFUWfSmadze,ADMIN
558,Billye,Fitchet,bfitchetfh,$2a$04$dkwdzRWX/tuP5i4ke50dReiV/acHC1jGjsxqSAjtz1TAhdqg2sO.O,ADMIN
559,Sena,Bernuzzi,sbernuzzifi,$2a$04$7kmejTNUamTps7UR.v.eVO/j0e5jyMflkNmeVwx1Bf/dwkd8TO4eu,ADMIN
560,Doralia,Ablott,dablottfj,$2a$04$nJfEbpch0irgC7sZL8Nm/.is1UhfWF55HrA8DAU5/eWT98Yok3ooq,ADMIN
561,Calida,Suggett,csuggettfk,$2a$04$pSYmn0pwfF2UnmEZzvTH8uyz8H1juM0csx7XR3Gzd.yz7ny3s6dIW,ADMIN
562,Thacher,Cully,tcullyfl,$2a$04$PWOTxQf0kpWhExkyJ7fLhuLUV9bve5nN4V90FYNju4NzSpLPJuEaS,ADMIN
563,Ann-marie,Paute,apautefm,$2a$04$Wq05o66V4t5.jogn1crE1eTFBcmAdm6gnW2fOPjvyXqWNm.r6udrO,ADMIN
564,Red,Bigly,rbiglyfn,$2a$04$BX3U0Fl5kt3uTrf7MyG4CejnyoUj57UALFL7qDrZMUMVjViGaBDEu,ADMIN
565,Oliviero,Resun,oresunfo,$2a$04$425t5.9lEAoKBMyWaiYUUe3hcId7tiKlte82JQSKnpUHaxsbqbzda,ADMIN
566,Marlon,Chasemore,mchasemorefp,$2a$04$R7IHY2KyY/z1k/CtzyuBFuU/dqK7Jhna3tci4GjXyS4E1nuaSngbu,ADMIN
567,Yorgos,Duncan,yduncanfq,$2a$04$XwRLAlFvAju1FEE8UfUUVuoc9ZTHVZCY9l9Ik5i7xMK16.8z1x.aG,ADMIN
568,Isa,Andrys,iandrysfr,$2a$04$D9NqEgEiUoojKe4KVpD9YOLuI0mm4OYvyA6Fxx7D4trvG8cnm/GOi,ADMIN
569,Sandi,Jumel,sjumelfs,$2a$04$7TrWh0WRnEULmBGntA/SCOYSKjhZ76laWMfxRRnLja9cHhOesDUbC,ADMIN
570,Zed,Tollett,ztollettft,$2a$04$68e.bZ0YyrSqhoG6zgknHOmOSdTw/IlQ2ISBjBZURQNy4DBWCOJ3i,ADMIN
571,Lulita,Nappin,lnappinfu,$2a$04$v2HqFUVJhFUPC.fjX33/UuXYi5Zo0yIa5eVzbxKthPZUzNk7zy2Ge,ADMIN
572,Courtenay,Fludgate,cfludgatefv,$2a$04$FrWxUwXw.C2iYTZ7ivzwiuUigIyf0w7z6m.3yLvHb4BtIGwdi9ITu,ADMIN
573,Ad,Bartrum,abartrumfw,$2a$04$n03N3R3KTobdDtPrdZAIjeIJxzB/HK4/34C.Rz5TyplB0bwROBtZe,ADMIN
574,Archibaldo,Schubart,aschubartfx,$2a$04$xdYlBSg79eVjg8WMVR2Ue.MaSMF6.zismOKU0bqDqjLYjKobNaLzm,ADMIN
575,Adrien,Bettenson,abettensonfy,$2a$04$BWo8HCtPIGimkQB1pviEKOpOFMepAhHIRcIqLB9XQktoDRU.oqbVe,ADMIN
576,Calv,Pauwel,cpauwelfz,$2a$04$EV6YFmKkMgQwnGV1pwObTOVXtAE0hBGtWNZyG6KL4l98J9Vp72/SK,ADMIN
577,Kacie,Hearl,khearlg0,$2a$04$mdMCp3vWNk9Y3CxtyfdHueiwnnOXKMTWbNbeBL8ZBiU7tLuEdL5D6,ADMIN
578,Delinda,Scarlett,dscarlettg1,$2a$04$0dmeBBKB/OaZWQwdwQP91uaOH6SVNrFGPi5QE4ivdaNTkKjXcCWGe,ADMIN
579,Tabbatha,Block,tblockg2,$2a$04$k12U5doKBumOWgdxpuorluYsCMv8EH1fW9/A04BGDjKTby2alg3Qe,ADMIN
580,Nara,Berrisford,nberrisfordg3,$2a$04$uv7wepg8trb5lvhgmfbB2eiICLsahf0w.aSTocgCT5jrnP79gsexK,ADMIN
581,Prinz,Rodgers,prodgersg4,$2a$04$Wr6y9DPm06.j0ZciK0sy/.6..pweXZwO6dQjCIFrNPPGli6xlVbP2,ADMIN
582,Oralia,Gasking,ogaskingg5,$2a$04$LfCms2/43ThgEcl4/5N6hee42WOnUmJqgj15zAxXAcr4uwrNMY9q6,ADMIN
583,Stacee,Antonovic,santonovicg6,$2a$04$wjYmIK58QV9ejSMehZXlkOW41EjZqH3iJnzh9A7vBYgS79C8ngKYy,ADMIN
584,Mose,Bettaney,mbettaneyg7,$2a$04$3IjkKvW4TLdcQFARq31fYeHJ0vIVsBxWQ2kRj/5DMHCGIck2hltqO,ADMIN
585,Tobe,Hissett,thissettg8,$2a$04$hR/PQhZJdn/3UPxIdQg3n.c26ZD563hCKg3SMztm7doFUHRuNoiTu,ADMIN
586,Errol,Greaterex,egreaterexg9,$2a$04$OzvrvoujlItMXtkLn7VQC.hbXI6Q1.a.8BJFUcMjF.blsolHRdkse,ADMIN
587,Blair,Keay,bkeayga,$2a$04$HU7b1UBbMWqPtPXJ25ttHeJHpOxladkOCgiiSRPr47j2RU1dQVREW,ADMIN
588,Datha,Lilleyman,dlilleymangb,$2a$04$Aoojcb6pTp6JsF1FOsgOV.xkVGZr1BXuV9Iz6W.km520TrKqKY61u,ADMIN
589,Kort,Shallcroff,kshallcroffgc,$2a$04$Bo9hMmWlp.9oCCdjTxejk.ynmx1hdi.NsVQdaJERpaqnkR7N1Pugu,ADMIN
590,Christi,Menci,cmencigd,$2a$04$wmBFMjq/FSAssRjsJAZ.PeRXRl32y2SffgnlVQKCdFnN8QpnNxygu,ADMIN
591,Colin,Hallum,challumge,$2a$04$b358.WsQrTKpR1GEEHIkB.mpu8RkVht.G/wEbXOGPIXwo8/K0KTVa,ADMIN
592,Pauly,De La Hay,pdelahaygf,$2a$04$BTgUKeUIY1mm317jIqmGqOkgT060GDfKl8fuGOBed6Pv7LUPFDmuK,ADMIN
593,Claudelle,Aspinell,caspinellgg,$2a$04$MYUCnY79NBxUBs3UtxNGZ.WBPcqFLKnOxfbrZwWksrQTGw9RVCGPe,ADMIN
594,Heddi,Le Friec,hlefriecgh,$2a$04$PuSzzG/sQfoEW/1bYvixf.9wXbK2bMBwCFQGYketMg/BPhttD.372,ADMIN
595,Francesca,Coulston,fcoulstongi,$2a$04$IXMaut9/9iF4CTat7yStOOj/a4kVOrbsE9RY4.XL1mRxkVbDDlDA2,ADMIN
596,Derk,Mattek,dmattekgj,$2a$04$l45Vt1PdXfgjLigeuqJLW.IdyDyKxbPEtrdtDthMKmsCk123Nnrb2,ADMIN
597,Pippo,Cranmere,pcranmeregk,$2a$04$ArBU9/q2UhLBz.NQsXkFz.KJHu7ed0rX74U9L7kzu75wZN1LpfSle,ADMIN
598,Laverne,Cattermoul,lcattermoulgl,$2a$04$/VN.bKzkeF/4ISy73UocXOLDnew/Ky9/mhtKdM2gt2KWr1wDYeRQS,ADMIN
599,Daron,Graeber,dgraebergm,$2a$04$mebzO3dyn6JPu8R.JO2R6OpT3EGQEjowi88l/pBqKLWXoeAHl5XJK,ADMIN
600,Moritz,Blamires,mblamiresgn,$2a$04$A5DqGDRirDgg75FF6IPBM.mVcpvhuN0E6FtvzFE9LPgQCPLqNRwaG,ADMIN
601,Jonell,Innwood,jinnwoodgo,$2a$04$TrhuFBruRZG7bsjMzQQKUe5bsAh4bqTWpF22ZZIlh7dEvgtuYsQe2,ADMIN
602,Gradeigh,Cothey,gcotheygp,$2a$04$ZyjPeosa3Ebatp5svvtCCuk6dFUUDd80iN2MVzPlRdhXhQ7lAlBfK,ADMIN
603,Solly,Rothman,srothmangq,$2a$04$qo6LeBW2E.tKJh8S7Ds5R..8ymY2v0o1OMKJXiMPP56Cwt/7fbvR.,ADMIN
604,Deva,Batey,dbateygr,$2a$04$FJsehYzfz8/I3asRVbI.z.l9vD.7HeRiiwceEg4MWz9yCpm//2lz2,ADMIN
605,Del,Lean,dleangs,$2a$04$RP9NrqyA2D.4UzMkHT5R4OkIQMm46vQ.lcYxcf.30EsaRpjgB1xni,ADMIN
606,Goldina,Insworth,ginsworthgt,$2a$04$04AKvQzQPERwdF1/vvQe7eMF9Q/IUbfSTLrz5omrwwDf2PkpGhtJa,ADMIN
607,Loise,Sommerville,lsommervillegu,$2a$04$5BgEknyEOtMVT3zaHuF8TuPczrzbkGFm2HH4zSj3mQRXVYMaaHfBG,ADMIN
608,Arley,Estevez,aestevezgv,$2a$04$K5h4wc0Mrzvhfav5.mDE1u.qN9tv8VoQri6.LGrx02rWkvkP9zaSO,ADMIN
609,Cully,Clendennen,cclendennengw,$2a$04$b5//qsu5B1c.NwWwilqzQuWGRCN2rTRjhli4VCMcgih2XeAAgilMi,ADMIN
610,Galvan,Duckwith,gduckwithgx,$2a$04$c9ju7iNDGEpvotByoRopSeCTyqeQza6g2yMLJXEPSdvLlRY.b4e86,ADMIN
611,Archibold,Akerman,aakermangy,$2a$04$/GHCn0LOdFVfFLCEq9YONu/Oh56za9i2UYXpGNvtjf9jqTgyrpkkW,ADMIN
612,Farley,Daffey,fdaffeygz,$2a$04$t9sBUXkiIWU.T8yTBD/OjuKuHDUBnsnKgrM0t6USLq8Qw5a.r1rbe,ADMIN
613,Bernete,Dallon,bdallonh0,$2a$04$fRCgvKMBjPcsnKaiE6VWqu8arCaO8T7qSW.Z6bKUcK8/BosXtNrrq,ADMIN
614,Rayner,Pyrah,rpyrahh1,$2a$04$eq3d2Psd19HEkKWcIUCfO.0BVRrJ5Cb4ajDXZhPxDn/EOCZinkJi2,ADMIN
615,Rosalyn,Greenstreet,rgreenstreeth2,$2a$04$.yg5514kImoko/CyKPIJge8uSIQconxX3aS/pp1NApfxttGrqRXXO,ADMIN
616,Cilka,Crangle,ccrangleh3,$2a$04$y.4ciWOCn3cPEoO6a1sdN.9LYLyOMBH5zpfegIOrFF1/6SqUr7UlW,ADMIN
617,Ameline,Shorthill,ashorthillh4,$2a$04$ITCfy9Edh2JZWQUNh/XxOeNsUxoflj5q6aJb6aHVcAfHP12vMNNXq,ADMIN
618,Nerissa,Grace,ngraceh5,$2a$04$/FapVZrds8EM7zqi0EEiJeFUJnKsqtuGaE8O889AQj4fZ.XMQYuGi,ADMIN
619,Alvin,Dounbare,adounbareh6,$2a$04$K/lKPys58zJ3CIPAven20ePb.uOe0bgOXNHWPxbhUh2SNtAmv8DuC,ADMIN
620,Thoma,Childerhouse,tchilderhouseh7,$2a$04$Bc5H7J/Xz/XqfJUpxVCZ6.DRtMpoyu66mgnnHA/5xw.h7jTB4TLHy,ADMIN
621,Gayle,Kobus,gkobush8,$2a$04$jyEeFWYHr8Vdx5iyXLgga.ln1ZGJgy8ox89PbjJprgy3zWpU4wD8C,ADMIN
622,Harrison,Pichmann,hpichmannh9,$2a$04$yXWkn.44C5QJTW6cqrKl3ehPMvu5ERCLV1iZVjQ5q5wZf7/Ka1VtO,ADMIN
623,Dalton,Allanby,dallanbyha,$2a$04$oKdLoQhk88Lm2BCTaLqkc..qwP5/kng5ePccrk2sSTeMiAdgLEY8G,ADMIN
624,Star,Vankin,svankinhb,$2a$04$FL1WIJmic6H1Q9zxp4h4aehK/ECc/FMJPTm8t25zdKuW84Xas2a4i,ADMIN
625,Izak,Semken,isemkenhc,$2a$04$i1U2g1.qr3RSLzshSsBceOoys7Y5XAM7lueW2pX0wwXGof98RqQpS,ADMIN
626,Teresita,Noir,tnoirhd,$2a$04$4FykIvwZMoeeQBSfjmGXlOn5/.iWSZcyZRBgKxwfV8n2mEMs7FzAa,ADMIN
627,Else,Devenish,edevenishhe,$2a$04$2ibC3p1EesCcrBHlnjic7uQPWCOoEBhyyeov3FrS/sOLNKmQoqnDS,ADMIN
628,Farrah,Semaine,fsemainehf,$2a$04$E.kBWeLIR178OyxQ1XqC4O/Cv7.ZaM34PPtXgrrbwv9T4h0Vuk1TO,ADMIN
629,Gwenette,Tapsfield,gtapsfieldhg,$2a$04$miCnOm45jVyMmC/hTLIZD.hoDISy0s5tgJH0mPdnULILnqNjlGeqK,ADMIN
630,Gerty,Woodard,gwoodardhh,$2a$04$2QAtV/1bNAaGwCF422bWYeT8ZADi7vk3vML/Yk1aiwNcFTY2pM5uS,ADMIN
631,Guenna,Le - Count,glecounthi,$2a$04$2KfT.sptvsG3O7iAArIyo.cvG/BdDsqMzHz16jiGctVno7T0o8cIC,ADMIN
632,Ame,Cossentine,acossentinehj,$2a$04$xj5E4vaEFpf2McFqLgMce.hMq.yRu/FZQvxG63EAqRQ/huuXiEDEy,ADMIN
633,Jordanna,Richard,jrichardhk,$2a$04$b.BWOZCBjH0fh/oWY.umzuhiVmr4bi9mk6l2xzb/WzdhMHCVDp/62,ADMIN
634,Evyn,Voas,evoashl,$2a$04$5VA.WHd1UBX1GZwBQEK6SehXR5S.ifOtcAcgvBySu65Vf7qGCrJgq,ADMIN
635,Gerald,Lethardy,glethardyhm,$2a$04$Xl1kFjhRmeiq7pKciu8s0uvW0nebeCer3UYNmoKuiPULfyND5eaVK,ADMIN
636,Oralie,Toupe,otoupehn,$2a$04$WWE9WljeIAbxROOj8HDddO68T2gBuoxzBzyO8.oq1yEUz3m9ATflm,ADMIN
637,Massimo,Eckery,meckeryho,$2a$04$W3SI8SiCNqj0bGGgAUoG0.e.tAHrDQ.hjpQu80iUdMrmMelh.NxUO,ADMIN
638,Ted,Pales,tpaleshp,$2a$04$jioe4RM8JVwoaHRAP8hYs.8OuVm132mwrTx3tYbm1nK6tKjgigje.,ADMIN
639,Loren,Kitney,lkitneyhq,$2a$04$EGt1B2kybAbWEqKZi9ttTO6IeTwKELVAu4HxKmYhdWyIOKt9kR/CK,ADMIN
640,Kalie,Chetter,kchetterhr,$2a$04$3y7WBEjUqKQD8R/hk/UriuSsdvTcuLcULNeyZSJYE/rXLzzcWnkA2,ADMIN
641,Alyosha,Stickels,astickelshs,$2a$04$Mu/B3SKbVUK4UBYYk82xYOHDvwgETW6tOIMowA8AKQRGf0Yfoi4P6,ADMIN
642,Antonin,Kuhnwald,akuhnwaldht,$2a$04$n8hqQW8yu9cPHTL9W964JewfiTNfJUq4RfVZTyivAk8U5ZofuBJ2.,ADMIN
643,Briano,Crenage,bcrenagehu,$2a$04$Z6FpO9n2e/srx40n15i9Xu1mF52yFsWnIsNke9JHsPpo59EfQGMqS,ADMIN
644,Gwennie,Klimentov,gklimentovhv,$2a$04$1GooLVw1gq0TmRnvLN/yJuWiBkMF/jsaYxJu/wjneUdrOmcUHGvbe,ADMIN
645,Aldous,Queste,aquestehw,$2a$04$jjY9qQBfpCvs55kWqg19LOTGKpq8e/v../YgQWdZtSxhDWbspOu4m,ADMIN
646,Halette,Speddin,hspeddinhx,$2a$04$fHzGGDyXrZOiorMH/ZNXleKU1ul4WB27hcSoyR0tpzizzszSoOHkO,ADMIN
647,Vale,Willatt,vwillatthy,$2a$04$T9BD7F8Bp2WBUfMD.OpRrek1KUQMSeQb8nadfuq0YmnoeFlcgjwIC,ADMIN
648,Tanya,Bartosek,tbartosekhz,$2a$04$f9pRtWkaoyfEragZUBb6luCU/ZM7Q2zAqjWJdiB58LfP5dTSAONDe,ADMIN
649,Falkner,Cowey,fcoweyi0,$2a$04$Y0USk.cK2/hfeTY6oUAOCOqWqxKEHqPI09pRuHVh.AqnCGap6M9ua,ADMIN
650,Bonnee,Mixworthy,bmixworthyi1,$2a$04$de0IU6H/u7uF5zCxaQUl4.KyxjyfYG6kq18LLvutUlc5toBqLzYve,ADMIN
651,Roze,Roland,rrolandi2,$2a$04$LP7hvfOPXqatocj11mFv9etKTMUAP7ENKrNrsn99od295x77tSFpC,ADMIN
652,Amabel,Delmage,adelmagei3,$2a$04$6uO.cLhKqhoWoLzNRhGeSupFydsAKwldGufvFtPvOkMM392zIfPJi,ADMIN
653,Nerta,Giacometti,ngiacomettii4,$2a$04$OYAJNTVLHwtKthgjel7E9uLndQqBAYH.iBEAgmaPyfzyAGBivsq1G,ADMIN
654,Elysia,Codling,ecodlingi5,$2a$04$KFa9lec4YpkHbW4WXpukneCNhzxdEF4RYw08FyKpm2gg1Y8LQd8N6,ADMIN
655,Ellette,Fidock,efidocki6,$2a$04$W50pYQy0zOiTmBtPn1HVZuIGAWQfFX.gfwJkaD130SlcdB2MbQ4BS,ADMIN
656,Lilllie,Fallen,lfalleni7,$2a$04$ZUDtPQG.124yLbdIXAYV4Orc58YE3a0oyPgtSJTh8EF86X119h8zS,ADMIN
657,Clarisse,Quarless,cquarlessi8,$2a$04$RV61MXAmSxTwYnNQkBzUrOihTBhE05nGnVLEhZ3qCEr//aVlROMDy,ADMIN
658,Dallas,Dimock,ddimocki9,$2a$04$17pMR/O9z5C64ETufWQEc.v6qeSyyCehyyz5qv4P5mOpIeMAzHHVa,ADMIN
659,Jeno,Rachuig,jrachuigia,$2a$04$9UpSVz6zmVVtlMfXNERhQ.b/DyMwhJ.ok1QFkp1ME/UGG0WpiV7DK,ADMIN
660,Rosaline,Pietersen,rpietersenib,$2a$04$r.SOF7oZzXI5trl5ToHmZO1B//Uz9c7/lq.xDu6yslsNNsu4pYVFm,USER
661,Shirlee,O'Kielt,sokieltic,$2a$04$pHkROnhAB7Xl6uugyO3gXeAd7x08EpYenWWg8u7zrUE5gD8jVfvS2,USER
662,Vassily,Covotti,vcovottiid,$2a$04$gw3m1hQNwV.U8EAndkwXLeKJ1shSxSGF013aNh5tAGKmKDBJmlDDO,USER
663,Benn,Macklin,bmacklinie,$2a$04$zNsTvkM3rlH5HMVlVTla6udIeCnJTMpHf79KFfJZsM6MYfBQJeP5m,USER
664,Stirling,Towell,stowellif,$2a$04$A5L0Y1rMFo4wUjeeNOgkaOp7vkQCHc1V3Fthyvqf8npOeV2XrObpG,USER
665,Damita,Footitt,dfootittig,$2a$04$dxiZWnygX8pGsPZp6ogHjOC.IW1dmbqvVKfLDNWlbaUgj3nheninO,USER
666,Cassie,Hassett,chassettih,$2a$04$1EGpWcpLCr7AucCOnWju6OUs2DnsZ3jwIBo6E1bcjRhIiGO19iCzu,USER
667,Kingston,Kikke,kkikkeii,$2a$04$7uscXjBh/Wf5ciP/8U7dM.uH9KMQoSrHAcoorh3ZSvU1VKU6P6TZS,USER
668,Phoebe,Balharrie,pbalharrieij,$2a$04$Kq1EFKBtOsqnFjvLWXOC2.MdsXZG8w5ief0UTyKuUQii9n.RXEt/y,USER
669,Redd,Rubinsaft,rrubinsaftik,$2a$04$RDk9iJFF9lSpnUwTB5V5KuqlZdZzpmXyJ41alatHDnbqbJE7Ryms6,USER
670,Rosa,Trousdell,rtrousdellil,$2a$04$ZwpYyEXqPCCwnNmk2a8DHe9AP7SubIomWO3qWjrnIPf3XXEcx67Ay,USER
671,Lucie,Seadon,lseadonim,$2a$04$8IlpXoZX5twOpDMFn30si.l2SSQEqKjZajESfORnyeoC0kRWN4ULG,USER
672,Abbe,Grzes,agrzesin,$2a$04$pmvjvqkbf/8cDhlEa2SEHemlIj2FJNb4UryHLAlJQCujp19s/Sv12,USER
673,Traci,Rodrigo,trodrigoio,$2a$04$E.9p5CBa02VlzrDHirdfve/Sy6F.A0RHeD74sd4oPcGS862wI5i.W,USER
674,Rufe,Eouzan,reouzanip,$2a$04$X1sDy7sh6votKpSNXxtg1e0YKAO..RRMvB/9ne6OxIZP0mkeO2iOi,USER
675,Hogan,Galvin,hgalviniq,$2a$04$2taIlw4aA.5gSTglf8Src.le63F3VGkRPOGvV4Ddvv8sdMV393pZu,USER
676,Worthington,Jewson,wjewsonir,$2a$04$rp67AXbXJUhoyHzzImVO..CR9ln/BlRs7NduJ2q3GdyB6i3KVPPyq,USER
677,Irving,Beadham,ibeadhamis,$2a$04$3OtAYZeWC5dYelL8mZKy.u0xmtqWlsr20iCuHfC5u7io7IdPbTN2K,USER
678,Neala,Klejna,nklejnait,$2a$04$YkGfoSS4FkSw1Wcvsfzucera/jFcfH0.VGPtAJxZFMcnKwQwdzGc2,USER
679,Bil,Quye,bquyeiu,$2a$04$BUcrZ4rLWCJBRNZALb6rFeuNlyRI0Y3OasW0PKGvThsRwNSymBlVW,USER
680,Martguerita,Epgrave,mepgraveiv,$2a$04$Z3zWyrX53WSyCBgLL46fXuomNq5GZsWIJcOyjvF0tZnlrb9tYa32m,USER
681,Denny,Grimshaw,dgrimshawiw,$2a$04$1T9rTGLWEmpVEIMdO1Dnse5JyPlmRTBggkz76rrgp661vthh/DLEi,USER
682,Salomone,Arnaut,sarnautix,$2a$04$idHMMfLdDJwEz0AQsv15pOb6IU5S1aFFHO3XlRbg0d3P/l8RJhigm,USER
683,Andrej,Verriour,averriouriy,$2a$04$dSM9k6tQc0RaydYRu0a/Q.kpHi/5ifC59m/pGpATP7Ym/wtXdU6km,USER
684,Reena,Wychard,rwychardiz,$2a$04$j3D.hpGxr8kwwNCWR7TiAubsSAL0YKov/sCN2O4bqA.2npeGCymV2,USER
685,Neil,Fair,nfairj0,$2a$04$0vVy91KKvRKiLlmA3WKn9uiISzZnWWW6UhnJsSgUalG3MXYOVSs.W,USER
686,Antonetta,Kyd,akydj1,$2a$04$1inpN6YS9leZZ42UbdkQBOg.2UuX7tblQU2HtsUcP7HKYW8z9npT.,USER
687,Othello,Pheazey,opheazeyj2,$2a$04$sDPzlrnEp8uKgA3IOix1E.H04OwRE/u6iF2FcyNeGHkurfyrqw/za,USER
688,Silvie,Cregan,screganj3,$2a$04$J7L.tYR0gCu6HOFBrGs.xeZC/V8a.6juBxrAAxjUX3T9H3/ojexKy,USER
689,Mickie,Maddra,mmaddraj4,$2a$04$PvXIi1rPP4AzdPK1f70AKuV6/rhNlFo9XEeJBRpKUyaYl9Bxm8x6e,USER
690,Steward,Jewson,sjewsonj5,$2a$04$aEb0HB5zEEtu6NYqaFtg3uY3S3QLJNCuZ56OZQOPMR.9.Np.77TZe,USER
691,Martino,Cogdell,mcogdellj6,$2a$04$lOARnLgO1zbhzOhB6x8mPuP73Bl6XKrhN08W77av45t3/hmbTVBu.,USER
692,Thomasa,Norcross,tnorcrossj7,$2a$04$gVFD0tJcEvtjm1zgWnAXruCCSiALk.Ae0V2iDSrlnmav082sYmpC6,USER
693,Richmound,Mullarkey,rmullarkeyj8,$2a$04$hi7g05srApHO9QT4GJO4xe4jC6U0wzrBE3XLR71u.ObcTbE/t18sW,USER
694,Frederica,McGlaughn,fmcglaughnj9,$2a$04$AqYU/W1tjzHpY4i06MeO1ueysuDQtiHIE5XEc.aYBXSufDQMJh2Cy,USER
695,Sinclair,Strongitharm,sstrongitharmja,$2a$04$5adCBU7bBGqNHx6j2cSJueQ1ZT8aj2m7tGUgMFR6i92w1WNJcv5Gi,USER
696,Johnna,Blaase,jblaasejb,$2a$04$C2xRElc7wl0gLM4WyGX/Tun3Gcy5lGGln9q0XsI/DDNVtKxvPwwy.,USER
697,Bram,Bower,bbowerjc,$2a$04$hrwhVWtBjmGFUC3YTbSRKubE9vYKnHi/5.45sDzzR14WeY686vy8K,USER
698,Rosabella,Spada,rspadajd,$2a$04$oGoPXafKW/4lLKXldwpQj.h8H/qugp84YOzSU5Ztl2cbliMGV6fhK,USER
699,Kerry,Millsap,kmillsapje,$2a$04$IdkPmLW3e0TUROIBKFh7o./CsdZtf/udTE3V/GQ5aO/dK44qLTgGC,USER
700,Anderson,Teasell,ateaselljf,$2a$04$zBswr7ehVtSqeiObuKUcIOg5Ol2.FCtIwnwm1DQqfUJRhv5X7JYCm,USER
701,Evin,Harness,eharnessjg,$2a$04$6y7PmJJzAiOeceuTGCc2Ie6d7xjQKkSC8hxVqdTmhCP3G9cRnZrry,USER
702,Cariotta,London,clondonjh,$2a$04$P6u4soox5xHPAd/F7F6AYekj0zysQ4zyOO5PQ4Q4eZzxw2hvG7Se2,USER
703,Marlow,Blanque,mblanqueji,$2a$04$v7O5m5dLYvjGWBMm65/La.oU2MyY7EWhogXZZY66/gXp4R/aKuCV6,USER
704,Sadye,Matovic,smatovicjj,$2a$04$AFCq2rEpFtR9Tl2R/QOZoubpyOfI/HV8vVOMMflahqirSt4O5fdUG,USER
705,Chrysa,Daysh,cdayshjk,$2a$04$ahABAbe2cl7pXPQQBSznNuuRIkCjSGvJO5RNTLFpX9Jl2iqZSq7kS,USER
706,Maury,Kanzler,mkanzlerjl,$2a$04$aliUrPhRlVya32i5NKAF2OXbRUvdg/BJcBLZ1FFHSEm7C5GOfikaK,USER
707,Wernher,Speek,wspeekjm,$2a$04$xOIj4QviSiOp/cj/Mj1TEusOti5trajRMNSwQAeSDJx4Mw4pGQeKO,USER
708,Olga,Twopenny,otwopennyjn,$2a$04$7M6ZdTS3phAQb8L1OIUq9OraP3lo3MHX1pC3N7urKpGjoxAM9z.kW,USER
709,Danella,Dauber,ddauberjo,$2a$04$ugaKTvsxm4/atbtoKXx4kevl1ELr1emiQzuwNVSYVKXtK3oBa0kLa,USER
710,Preston,Menat,pmenatjp,$2a$04$Vlw/srBtfB.qrmrkP0bCyOEecNDGlBjmRdZOE1OUzvPRFRE9nFkk6,USER
711,Bobbee,Tyzack,btyzackjq,$2a$04$vNSgFtnwQzOVHsJbmNd4EOIyUfoZnVF2PXO92mo2jI8b.iUWrbQ7m,USER
712,Jason,Birdall,jbirdalljr,$2a$04$.IOoAPrgLamdNnBLUNi/0OFK44rwS6wXz08Y3HX0UfIu0Dam/fooi,USER
713,Jeth,Brooksbie,jbrooksbiejs,$2a$04$b8/5LiFr3kUIr7C9f6FrGuj4WtjGqr2IPvXt7PtIx3sl.lh6UFScO,USER
714,Gage,Payley,gpayleyjt,$2a$04$D4jr73bSqDisAMT.lGNlieUmgdC/deYhDxMQijMDsEjCTl0BByO3O,USER
715,Nigel,Everton,nevertonju,$2a$04$LXqjIFzMg7YZB2xlswIgXeHLKnOGtP3gP5iI3bzydd2a20HLzuxR2,USER
716,Orelia,Ollivierre,oollivierrejv,$2a$04$lOMZqtPOg2L0IHR9UkXbWOfGERQ.SqRB2jvhVzY6kTPbPwpOhQSTW,USER
717,Jayme,Vasler,jvaslerjw,$2a$04$Dy9q.R9pKSqJVeEQ4okX9e/axnJVcBjE3dVWtLzGYemk68wTCTTXW,USER
718,Correy,Battaille,cbattaillejx,$2a$04$HIUDipkOFBQ4k2DC9I91FOxtdVFJmFzCQj9xE9VOv1.927BkxsSDq,USER
719,Joelly,Cushelly,jcushellyjy,$2a$04$W6vLpESrynMm4eKfx81hMO2ruwokyalBaA2nlCMrfsBG.vOBrwd4S,USER
720,Ondrea,Paraman,oparamanjz,$2a$04$zPgg3ltAfFFElXRAo4h5iub9QWA73WlnM64/Q0JKYIlEKbRGCnYGq,USER
721,Alfi,Charity,acharityk0,$2a$04$193R.O.g8XEzpfRkDCpcnuuFXa3Iel5bw6sl8FFvvJAa.8Gn.RRYu,USER
722,Giraud,Wards,gwardsk1,$2a$04$cRGOrY/fsEyGmNd5MJxDC.svtslH0vV8XralcgkSkS7XFcerkDRIO,USER
723,Harley,Swinney,hswinneyk2,$2a$04$Ir1Jm2jE6F1HlledkAj9ne14uOLTz71Datny57L/aheTidNo2lCly,USER
724,Hadley,Gentry,hgentryk3,$2a$04$JXcrN4vA5GwcpmimFZo2MujerkLw6oAPd7m5j1X98QQMh22xaM2Ve,USER
725,Coriss,Wadwell,cwadwellk4,$2a$04$9bnjPCmc1V5qPstvcAwRSujlCQL1aZI1hRTg12cGQfZ2lZB.duuCK,USER
726,Ettie,Isselee,eisseleek5,$2a$04$X3yeajPMRCfsaV1vlvghz.13mlceT28.8NIS/yTTDu6srlL3W02oK,USER
727,Samaria,Birtwell,sbirtwellk6,$2a$04$IcK67qVd/kiFPwzowi3cwuX9CiSxhxZA6ZK363UpZE7hb9KHkzEXu,USER
728,Agustin,Orts,aortsk7,$2a$04$j9PajM3OT8IgZyUtHIP4ouvvcrLd8fs1WtXIzw6HPu79ypfn8A7G6,USER
729,Casie,Verma,cvermak8,$2a$04$ir1lqp.YjdN1HKlf0IypWut6KEACAQYGMwDkQpwjwgglMJEkPtvM2,USER
730,Katinka,Bridgens,kbridgensk9,$2a$04$l7wHlQi4DWnbwHDkXZVUE.EGJsS8vgcPRZ1IQG1m7yCoIqgFm944G,USER
731,Hali,Vasilyevski,hvasilyevskika,$2a$04$1Z.8yfO3HatPa6CA0wJwuutLESS2cDM8VpOZ.K71OYB8r1osf4d2.,USER
732,Hans,Meriel,hmerielkb,$2a$04$pj4rU0ArIqKXF0h1ccQBuucYLm.bbrkOdBX5UZPCyMEXafmujL.Wm,USER
733,Ferdinande,Piatek,fpiatekkc,$2a$04$ovtjCom54nUPQc2bPy5N8uoKyMagwBI/XMQwY.NtWJ7uSXTqh0f.m,USER
734,Wilfrid,MacCathay,wmaccathaykd,$2a$04$HnVxYjV0/F9.NaahPqSZAuvSfUdB9zxY2mQoP8qAKZheTtlEmYgqS,USER
735,Shalne,Bicknell,sbicknellke,$2a$04$4IBnAzGJWx9eUsurfN6jvO12lkgT.9ty2ub26XRvOj6zUxCO8Dr0e,USER
736,Doe,Lain,dlainkf,$2a$04$/SjlzTiUBycy6LUgNaLx7e0OF8NsmEx5eursUDkJO/..Zvv0LTC3i,USER
737,Midge,Billyeald,mbillyealdkg,$2a$04$ApSMnNr0Gi9ckaClupsvzu6sDaejMC3x/bwkEMNIq.C7VOsT.H04m,USER
738,Bethanne,McTrustrie,bmctrustriekh,$2a$04$nwtFBVs5MOqOsUfc8i5DzuVA/sVsTDXuKVGBhyugady//a0NoMHa2,USER
739,Deane,Gartenfeld,dgartenfeldki,$2a$04$uFKchvKbacwZoyC36q8Wr.g5k6LVSHaKf15gdtAHOarGCpzJSkpEK,USER
740,Felicia,Janton,fjantonkj,$2a$04$RQicSZDqH0nblZfFlbJlAODpUu2ARs4YL6fXkCX04/LEDt8AKpGYi,USER
741,Brigida,Sangwine,bsangwinekk,$2a$04$kK4LGkDhwdBO6KSNVImHfezBm/WmRbaPYV4mfUsS0w7Bi8.cuqHoS,USER
742,Ardyth,Driffe,adriffekl,$2a$04$cDOJJMPIPNt4uzTwln85Mu699fB9MAAz1t4qNKGkEt6WK6cTtQoUa,USER
743,Willey,Bramwich,wbramwichkm,$2a$04$uwzZxG/L.6GWgWZa/fY.PuAUQHiQak0HPvGGDNxVQmzNnW0Q87ET2,USER
744,Jerrold,Wandless,jwandlesskn,$2a$04$//OJgGyYodaBZ7MGWG8NbuHmUaihWSNBG5ueqN9/WiaFQATfvNk7S,USER
745,Catharine,Hazeldene,chazeldeneko,$2a$04$HHETds8N9Mh7AorR0NI2geb0Y8ZH4pG9f51RpGtAsn74XCShAXkR6,USER
746,Cort,Jeckells,cjeckellskp,$2a$04$dZupe0amfUZqJ98WQZ4V1OnkBoUuXuSCNXEn9IuKN143.9nciaYtK,USER
747,Corry,Machans,cmachanskq,$2a$04$3c.WsMmpv41DkQs1xBhIc.UnzcLJmTvVdKsV09jx6vjLuV.yXv9HG,USER
748,Agnella,Timms,atimmskr,$2a$04$khRhZXXY4Rw2FW..IBXtPO3t/8EjQIN72sfZxV6qvASfTPBnqwkpS,USER
749,Jacquenette,Jennaway,jjennawayks,$2a$04$5BLOXsNgi.ns1U99jxYc5..HRpUVYeX5R01K9noldId056bOBvYrC,USER
750,Sansone,Becerra,sbecerrakt,$2a$04$2jiJYoeeh9AOgDgTDt.JkOSvBsXBU3Bb.qd33XLUxoDsq1K49zme6,USER
751,Rudiger,Immings,rimmingsku,$2a$04$gv8SaKbSaY0fCXdJghi4au1.WgddcFLRKzsH.2lK3X4EWmxdq.PCq,USER
752,Gay,Waddams,gwaddamskv,$2a$04$tHzYVJAe38f6QlgRhNpAtuTOnVkq8jZH0pAHXRK4dv3SzSPnXjPc.,USER
753,Dorisa,Gammage,dgammagekw,$2a$04$qvU1zicb1HH0eOSQgkJ6Be.FchwFS5LQB3n.9TMEdzNmEJX9ASM4S,USER
754,Maris,Lichfield,mlichfieldkx,$2a$04$JkQPMgPbBw0yTqkIuKucBeQDD8BG4UURdJomA8p5Z0Ra0kFL38dya,USER
755,Lurlene,Hakes,lhakesky,$2a$04$tMzlLAXKf386.lV96hr3OuhpOzqHGcnJ8fu6kMRrhN8v2vz1e3UAW,USER
756,Lammond,Carik,lcarikkz,$2a$04$8oARprz06.u8MEkiyGjTo.oBUF//PkaqoZUDvmtOPoRDljqHVnE7W,USER
757,Isahella,Lacasa,ilacasal0,$2a$04$Kso67QttT9oFXtoHJQEgJOggW7ML23ea3Upq7Bt3MaGvRXL85G0Ou,USER
758,Carline,Askaw,caskawl1,$2a$04$Dh6PCz2IYAwQ/L4goBcYBuW5/1w9WDwvWj7ZgZGZ31h37LbdXXjFG,USER
759,Nikolia,Rentoll,nrentolll2,$2a$04$QIQaZ0ZJ/NYDrcv9hU3wTuVqqnZzk0mtvKRUGHJljsJutkhI1YmiK,USER
760,Silvester,Jouanot,sjouanotl3,$2a$04$TjqJB7Ae9R98VCqyK.0jpeyYYKhcVXFXi7ugE.RZIwTGEa7qX/1C2,USER
761,Jamill,Wehner,jwehnerl4,$2a$04$rWwK1eKZeybyS3n8nceJHeRRRPd6JPDRZ3hHbAoeX2sO6AWn0gZ0y,USER
762,Jennifer,Brager,jbragerl5,$2a$04$MvulR0Q.tIBs/vS7knpaKuM8jhuyYG3W8nDoGMiGddid2VwmJ1FqS,USER
763,Jere,Goodbourn,jgoodbournl6,$2a$04$X5uqXgdnv/OBeY49UCQWJ.82TXjMn/VVMuWFm3cN.jcM6g2kQ5Wj2,USER
764,Toby,Ladloe,tladloel7,$2a$04$w8anyO30AcbNXgiY8No2JugyhRENIphyTLWlk4bk.M5WZj2lNCONy,USER
765,Chan,Cawston,ccawstonl8,$2a$04$c9G4zM5yYcRiEaEB23I0mOIf68YbhST926HUtolOQu3SawnbpEYE.,USER
766,Tyrus,Saller,tsallerl9,$2a$04$l4uXwTPSjDcvGNBISTT6bOTMRu.X378GdcOewQUeMzvo6XUnH87ty,USER
767,Bayard,Pasek,bpasekla,$2a$04$Ggve7In7IjnosJBzvEOrYepLgxUcIfNCuF.q3RdYetA9V0gXw.h0W,USER
768,Drew,Lammie,dlammielb,$2a$04$T6SkZJW1WQ8TH8eAVtULfuad0lMZAHGjv4u7iKX.V3a30T7TnH79C,USER
769,Diarmid,Conklin,dconklinlc,$2a$04$HZEoKP8YdYsLfr6SAHie6OK9KSk33GJIFNe.rXlxytFpjgb6VZ/mO,USER
770,Janette,Ivashnikov,jivashnikovld,$2a$04$cNaaUiu512StBjFow25keuqfVBt/70n2vos/jzpqqwRhgl3cpWOti,USER
771,Fredra,Durant,fdurantle,$2a$04$BsWqgn4wmc/XQaYGaFXWFO90amfHkXIw6evHauvQysajSWYiPBpvW,USER
772,Ellie,Loveridge,eloveridgelf,$2a$04$Igt5w7NPvmP3AMhYROL7gearbPC4s5IBLhgLJDeVogc5OCdaddtG2,USER
773,Bryon,Duding,bdudinglg,$2a$04$G.hO/qYz.W7ukR9IHracFOLJzMgIP1FFi97/hVSh5oIXA6typreK6,USER
774,Dickie,Dysert,ddysertlh,$2a$04$Qjsg3akakHos5uyfme2ykeJAheuV837Ntn2t3vU3XmwNElo6yWf/e,USER
775,Garth,Tuley,gtuleyli,$2a$04$TKeyIkIRU7QWhkJWZ5wUbe.I/VRFMQr5ZMLATUqj/URoZerC0JclC,USER
776,Angel,Blackmoor,ablackmoorlj,$2a$04$J8JKk66bG4SIALc0NCe3uu/wMfLL.NKZALClS8vpCAQLRUezQAHFy,USER
777,Goraud,Simon,gsimonlk,$2a$04$TRwt6iMXa.3ltu.53gVt.ecGQqAYSgVUgaM0Bq2ApO/IC.LY5RFZK,USER
778,Louise,Darby,ldarbyll,$2a$04$hV3Z16S.FozDKcG/FUw04uyqmRERVNyXsx3yy/dAqP9hgfCpu/Eaq,USER
779,Kipp,Sapena,ksapenalm,$2a$04$iWjPQw2oLLvQk7W8NsJUxO0SxFTOS14SEX96iA4jojdT9BWac/cNG,USER
780,Maynard,Cloke,mclokeln,$2a$04$WTO2rhS6aGa5GMgRX/bvPePN0dFqMwpfFlLuYV62FN/g1j.HmHcqi,USER
781,Burtie,Leile,bleilelo,$2a$04$3RwLJ9dNPJxHRGQAZyDJ8.sm9h0seNXB5XmcaR33xMO0MtNgdNUmW,USER
782,Dud,Malloy,dmalloylp,$2a$04$tHsjdFGTkR1WHxb1MC2f2.WV4RmQaBnRVMNfsfm6iyWwJ7UgbQiFa,USER
783,Tuck,Ridgwell,tridgwelllq,$2a$04$rPYywt2k4mmtouswkB5vjeVgGFIe/HSIuuCnmChklp9iSSz4GHrjy,USER
784,Linette,Clawley,lclawleylr,$2a$04$QOkvLIItNOdrwwYIg46I/uvWoC2CvON423e65aR4PKa3Hp9nnCjxG,USER
785,Claus,Gellier,cgellierls,$2a$04$kRc/gXAJ4Gm2Rbiob3j7PuSMc.ROyFX9tIPEeDTnKXTgQ7bGN2N8i,USER
786,Port,Tumility,ptumilitylt,$2a$04$Z0j6oWlfv7YV5kygZDR6fON/b0.86bsNQ9vnoPYbEAXN3quog5s/K,USER
787,Darren,Silverman,dsilvermanlu,$2a$04$su/OZww0dkgqiYhOztRMVepoP9WDpIqF70KB74bj6Llt0cVg5SFWO,USER
788,Halie,Gilbey,hgilbeylv,$2a$04$dvJQwQDu2Vt4yrgo4nnCb.TB0cHnBZ9.kFNaBke7U3kjMu/DtIY5m,USER
789,Barrie,Klyn,bklynlw,$2a$04$Anp2vyRyDgPhfeJX/MYZm.tNrlNUqLpM/EpHIiqxuHJaB4LvOIula,USER
790,Dag,Bullen,dbullenlx,$2a$04$3BUoteUIX5MT.MUsy0c7geZDUKQ/GYqg3EWhMmH8IW/yQcJdUWlj6,USER
791,Hersh,Cackett,hcackettly,$2a$04$GEvb8SdQdyLca/WImvw6u.Yi43tws.LyNPZYQ9xsnyPx7JgywyaIS,USER
792,Donelle,Halesworth,dhalesworthlz,$2a$04$vNQJrEubZljfi/.2Kas8jOZnFnlpxOBKllS5Z29P1X4X.SdDkNr6a,USER
793,Sunshine,Konmann,skonmannm0,$2a$04$1sh1Ecrvrgp28kvVdD3dHeQkGsFLAzztyAAk9UgeGMzPIQiq0MIvq,USER
794,Marleah,Hathorn,mhathornm1,$2a$04$afWK9mKw4NlJcpxNCMVHBulzoN3fyd9KgEH8EWcwV2hw/V2qxz/xi,USER
795,Lyle,Kempson,lkempsonm2,$2a$04$/WrxOHnKkFNvtglpocno9OxiS.NLXS1IE6xOasKgjXQcVMNtdXmY6,USER
796,Barret,Goodwell,bgoodwellm3,$2a$04$K2HwY6PNS2nmWD7JOJ2IWuOv0w79XpQOrljkkihwNWgj0hj7mMDQy,USER
797,Trude,Cheake,tcheakem4,$2a$04$fwpXS/tVeyEhjR8WImqFDOeMersgai891Z89t6XnU.bWH0xqNbnMG,USER
798,Pren,Dell Casa,pdellcasam5,$2a$04$dS.RYzDFVdYVIyc3SBaNP..lbJg8sRghzjzTGdztmMLBh88bdW.TG,USER
799,Adrian,Yearby,ayearbym6,$2a$04$7Dx7ZxtkUmMLB2fVD3.R0.pAlD8RfKzrchPvANN7rNlDAkyyG2OXy,USER
800,Kele,Fidgett,kfidgettm7,$2a$04$.fNk2uIFiWVA/SvoOZ6Zx.stzGV8gVGY56Ng2hACrrD4HAjGwxClO,USER
801,Deva,Bortoli,dbortolim8,$2a$04$k1Mvy/1jGUD25IlrfkPY0O2/gf0kx/ilY3Vm1nGbShE52KDW3OqDa,USER
802,Gerri,Gumary,ggumarym9,$2a$04$b3MPZNnmLSjyDaWDRiTbUe0CEmzVKJp8OyucSF7Lqc5OzWnY3BTFS,USER
803,Octavia,Vasyunkin,ovasyunkinma,$2a$04$raxeEPhnP.upsfQlqkMTM./uFsU78fD78d7UWOTdquh3zTW63eG4e,USER
804,Jolie,Fieller,jfiellermb,$2a$04$hPHpkgf2kcA1p2p6evSMyOx2nXDulikcHg/LOQ6fxTiQTXhIV3Lhu,USER
805,Cami,Wellfare,cwellfaremc,$2a$04$GZi6e968EFbzFXEgU475tO4kiOegR4SwcFWf7x5fiJc1RtECjH/iu,USER
806,Daniele,Blazic,dblazicmd,$2a$04$RgE/EgBPdGXmico9KxcGiO3fiVakCdowHjUxsqCE/BVv204o/l4M.,USER
807,Curtis,Wrate,cwrateme,$2a$04$cQjs1s8/Hetd8jQthuPY..kRz3bxbkFXTJEHZX2TKFWICal521E4a,USER
808,Shannah,Getsham,sgetshammf,$2a$04$mL5QKRoABPrU4TUvclgRUenB5/rx4IsXCL7YRBD1ThtFBX4ILRhNq,USER
809,Sallyanne,Tidgewell,stidgewellmg,$2a$04$aRBhKRA0bVR5RKJrcSIk9OTchnwr0m99jrbkYbD3wdKoVczWR6T0i,USER
810,Thorsten,Stallybrass,tstallybrassmh,$2a$04$.Op4A0hkr32jlypZzqXT2.rrRlibUf/QbcHRugJ3xBkNPGxlgCpca,USER
811,Colin,Simester,csimestermi,$2a$04$ak8Sk5N.BCFnX3PGrJBibe9iommWrjSrBBjMMVPamkoeUI86mbne6,USER
812,Leeann,Musgrove,lmusgrovemj,$2a$04$yvK0/nBA4JJseCrFmuLmauugBUmS4e7b7A2Hv1dK5cbBOnqxlocge,USER
813,Maryjane,Dickin,mdickinmk,$2a$04$c7acnmAPdGAX/6bSFA3Nh.zR/GtGk1zYVEdniWInOND1m5/NaC7BC,USER
814,Nara,Fogel,nfogelml,$2a$04$SyYpqX3HRhi9TzqlIlHx8.WtvJtSQxpEeYLSnkhLvCmrVQoKMUzoW,USER
815,Ashton,Guiso,aguisomm,$2a$04$c81CmEoPSiJsZisI2VBLTeZgfQzlGdJ9Z5TInv9O71VlQ6NhlcpnG,USER
816,Moira,Mount,mmountmn,$2a$04$yZ.oUBmjAnwxjfZtZw/8jewRPGP8ayZZ.Hw1pMXZEqzI/7ZMw0WD2,USER
817,Shelden,Baily,sbailymo,$2a$04$FIaiOEqZIsr9pFQ3tcfuIeeKkeYtESGqK6b29TzJ/NQtJ0KiMx9Uy,USER
818,Murray,Cardoo,mcardoomp,$2a$04$wc/wJljpbGkx4EaQDEeIWecUnhJSEL66MhiDcmB6uUzGN3O4T86bC,USER
819,Norma,Conrart,nconrartmq,$2a$04$U/TPKoAGfkw.0PEyXOj33ewj0dKeRjyEi3/gymHPEZsO77BM0y7Eu,ADMIN
820,Goober,Duffyn,gduffynmr,$2a$04$Nr.blkq760EWbNAnYMZswOG9VKtwkFe6fvpuazXJJgBgo5Cw.GKjG,ADMIN
821,Hadria,De Mars,hdemarsms,$2a$04$bd5b3cHDJ86AfjwUPSq3T.ykATB9twgpCw.oF9HbpH.SV0dkAUpIm,ADMIN
822,Francesca,Burgisi,fburgisimt,$2a$04$8P/OAms.BPKFTDGC6cBCSuvIt9RYn5FvwpHnenpQOM1mpskde9Fh2,ADMIN
823,Sandro,Simonato,ssimonatomu,$2a$04$un15NozL14blWi.ARw2epuWVjnwAX0LjP.z0L8Rq0nGyypT5e4oIO,ADMIN
824,Almire,Kunkler,akunklermv,$2a$04$1RawKmgZhHs9dqHFpXJY9ez7JNCK1y8HiuSiKE88wvPGiopIS4Ioe,ADMIN
825,Lotta,Hewlings,lhewlingsmw,$2a$04$3M77QfTlS6x74kKn660Cu.zVarW2B0dbe5D4x7X4TcZPL/6UgYg2W,ADMIN
826,Clari,Horrell,chorrellmx,$2a$04$G7WPBcAr57mglMKmqHFc5.IW2QQoQT1sZ2nIA.GVTxuREZ9t8qmu2,ADMIN
827,Christyna,Boath,cboathmy,$2a$04$jQP1/6sm8jOKjImygurHPuFqWaYqL/1wwvUXpyjq9Gos89KHBqTSS,ADMIN
828,Josephine,Skerrett,jskerrettmz,$2a$04$OqIPwn8uAllI8AQNVJ2oyOchzLD.ARy0jHISNOT.AUxIXXH5gPsIy,ADMIN
829,Merrily,Crayk,mcraykn0,$2a$04$DqLMwdgKAxwwzsF9v4rELOF4d6BeZC/DG7kImliuS1limiXl2xS5G,ADMIN
830,Debi,Bulle,dbullen1,$2a$04$ZVhGOdIk/xiGEAzzdSYs2eqF0fF8ON1KMuoPJwMXpYBq2MxI..gnm,ADMIN
831,Urbanus,Goulborn,ugoulbornn2,$2a$04$iLJVoplQqqHKpYv6V1KJjeYJWbh0yJUxeOwSOFvx4PCJvscrngxgG,ADMIN
832,Gearard,Oleszcuk,goleszcukn3,$2a$04$jKVF9DbQaESblYXJpOscKeasoUgZ8X34vW5Uy6caWrvjRW8STfAiO,ADMIN
833,Sadie,Killingsworth,skillingsworthn4,$2a$04$xySkNjqjIU9s5xlkQbcBFeaPQSWVsSCy3R53NMROAU2SSShB5gI3m,ADMIN
834,Joeann,Macauley,jmacauleyn5,$2a$04$z1e3lgAw2Xoi8tIM2bBgnOhhAZd7Zf.ECp2Qy0cUzZeT8ytq0EW5G,ADMIN
835,Lutero,Parsley,lparsleyn6,$2a$04$L.tW0UZIBILWZ7f0NMysJe1xlGJFW1gm9vOVaNWmktXddqIrs2uAO,ADMIN
836,Susi,Chatenier,schateniern7,$2a$04$YmdppXg.1ULaInCGUyyo3eLXu46aj/CyEc1qy4BmhmOx5kiFWPslW,ADMIN
837,Fee,Shoubridge,fshoubridgen8,$2a$04$JisJdvtAN3U5lfpK.K28c.bPnpXtvSRDyteygi9wYBHn3y3ewIPVK,ADMIN
838,Hollis,Tilston,htilstonn9,$2a$04$HcGkX097L/1f12VJ4uzZtOu4Qnx5EQpKzygaJJC7CmycOk1YQam32,ADMIN
839,Zelda,Trewman,ztrewmanna,$2a$04$lm.OP2eakwf9Eh9BROVhxOKLWI3QgAK0Py.EJq4vno.fvkmLgfPnC,ADMIN
840,Giana,Barz,gbarznb,$2a$04$NpUEYAv.LSvNmvEORn.gAO7uPlqTvIiLvkPkduCx1EuxSh1ACvYQm,ADMIN
841,Jeno,Galier,jgaliernc,$2a$04$iUEjIVK.hXkBJh1w5KmvqObQR5pTwqhKwP5K6GuYy6epVmen/qaIS,ADMIN
842,El,Coulsen,ecoulsennd,$2a$04$/ealIbBxUbnD1km8BusLbuT.aXIo.r75TtiS0WIRrkdF5XdQaMIG6,ADMIN
843,Catrina,Flacke,cflackene,$2a$04$k1OWaYrcps7Dz8o6PgdECebRunyKohOuh1CZ1cO4iIea8MPXx6/0G,ADMIN
844,Valry,Tesdale,vtesdalenf,$2a$04$a5OKAS1ZSu5TbMrdhkSOMu/Qj4Ic3Qbwo70ckaSiSz644DssTGMvW,ADMIN
845,Byram,Oldis,boldisng,$2a$04$BYPZJF4xkgNudxZZgvVgb.yNieoAlSatFZvipipvc0bHWflCF6cdS,ADMIN
846,Miguela,Boik,mboiknh,$2a$04$VRVUn7pvYS5dOqy4YYb02ur.mFPPGmXW5Pyg64im0rxfFeeJXRJGW,ADMIN
847,Myca,Randales,mrandalesni,$2a$04$JG0NpWeLQE5bBrJblxAE9eRwQ7LEUMcgH1sxTxDy/7xQ7k3cfg0H6,ADMIN
848,Vernen,Tavener,vtavenernj,$2a$04$vm/75K0OhdLMqFTxUhGpxOdt3NTP87DoSyqVTNjV83M5TlXHvtoB2,ADMIN
849,Ulises,Cantrell,ucantrellnk,$2a$04$d3E8hB41nalO40sf6cBjq.BQmF4jVPRmGDNEL.vGwRudkEuRErPv6,ADMIN
850,Kaleena,Voaden,kvoadennl,$2a$04$qVpKXUxLKbqzezRChBzdF.5uzhnOlDCeloX5X/mWF9wKFD7CPBAqi,ADMIN
851,Eolanda,Sorton,esortonnm,$2a$04$lZVaE7TwxE8lL.6Gfu7b.e6rKip9YxQBzfajltL2X73j/HhCyQ9LS,ADMIN
852,Kitti,Curl,kcurlnn,$2a$04$iWy4/lYsOSn8HjkZrlwuWeozedfJTSMZPwwrP7ha20RmQKOvVb8FG,ADMIN
853,Gerladina,Tombleson,gtomblesonno,$2a$04$q/1P7FZd9aSBmUcMqbNBjuuTge9qHRUvre/4iMxEWHFU6UrgyeN1O,ADMIN
854,Barrett,Hanton,bhantonnp,$2a$04$hwjrId6X/DZlBxEcGZ01k.DbR3l1VKNlhXndU5ybG/eDveAVxBh2C,ADMIN
855,Huey,Kruger,hkrugernq,$2a$04$xo0w5ZAygDPxevgjN10B9u8XMY/wmKJ7P4hSSzvIp5eFund2xP7FO,ADMIN
856,Lonny,Ragot,lragotnr,$2a$04$RglxqySVS4CkD7knZNWlteqtAX3YM7B80.ZQxfv3qtg4Bo3ftMjLm,ADMIN
857,Judas,Shorrock,jshorrockns,$2a$04$0ifeEMMPy0KN554Rid50s.hpxZkQNfHzWmntDl.Sq3VSGckFRCo9m,ADMIN
858,Minta,Attow,mattownt,$2a$04$GBCvFVtY3kkkSQpDbzq83eZVb9tm4fwj07t24l.dGgZmfz4ybDPlK,ADMIN
859,Minnaminnie,Inchbald,minchbaldnu,$2a$04$dS6Ut2rIMp9qbKsGbV33re9bQFMWOcVvABXAHqphOCIUlXxwWTjCy,ADMIN
860,Hugues,Grime,hgrimenv,$2a$04$gplLRacMitUcUmbGhXQVDeaEvVDNp/3X.KtmyToI5RaM6QNXxOCk6,ADMIN
861,Bliss,Chinery,bchinerynw,$2a$04$GxqO9ynTDr6ISJmbv1QMougLmHOOOc9zB6piDbQ74jv//KZPYMkIW,ADMIN
862,Gare,Errichiello,gerrichiellonx,$2a$04$TzB6pi.BGDu3TQkIJ324gOnSSA9hEYXB0Wb7l5oIZPkUyE5LTBF8q,ADMIN
863,Rozalie,Currer,rcurrerny,$2a$04$Jqnp81KU3/G69uo.4KqVbOebGAVinLrUegRdcVAy1tUfCYEELhRMu,ADMIN
864,Ettie,Gozzard,egozzardnz,$2a$04$RKTOFJ4cz8NwBWRBLXnxK..MABlaUaBuQ3JkfzLl6vbn5tBrLRecK,ADMIN
865,Friederike,Gissing,fgissingo0,$2a$04$/Ga79BVEuCk.8PbCtgmdeOY21qXjZ6KSsZSGBe9TDoKIRewL7.Rde,ADMIN
866,Benetta,Sprules,bspruleso1,$2a$04$8gSv7sw5gDh0DWoO5FGsWeCqCxhOBpSlEvTNFc9HTyvBXkXS3jpSa,ADMIN
867,Angie,Bisco,abiscoo2,$2a$04$9.tFQiWCEUC8LQxAp3nV5.Rq9.mDAsP9kHjHQVs.7gdRRpdWNTMcq,ADMIN
868,Clare,Bowart,cbowarto3,$2a$04$4kemQQ.qC7w9tuLzsniJe.QHqN8SoSBV3K58oN9IvhXkkxZtM5iRq,ADMIN
869,Ivonne,Membry,imembryo4,$2a$04$yLGrOD05a7Z.TSS4ARg80.YYwrXxr2e2KzrYArJIOM04UxErINMnq,ADMIN
870,Phylys,Zappel,pzappelo5,$2a$04$S/D0XByr/WexyaDQcFEzZuEcDliwO19mwKedFlz0uz2samdZ.M/Vu,ADMIN
871,Chelsea,Waber,cwabero6,$2a$04$90ltvkPNsT3tlFPLriN3tuZqapiuxpzNm7MlYn0lP7IhifvpNjT7a,ADMIN
872,Lusa,Gullifant,lgullifanto7,$2a$04$rVevDQP18eF6PdBKUX4N5OnmeVny0vYXnZpd5h/...ngwyHzwxBca,ADMIN
873,Friedrich,Dodle,fdodleo8,$2a$04$Q164vnD1lWuh7Fk2aXeiGObJymIkzRMQsK5eozvxG98CTxBmWNIe2,ADMIN
874,Cobb,Cloke,cclokeo9,$2a$04$ifVjD30J/oE8nQX.y70qiesaAA9Vb2u7vsEna/K8dLzhfNNaCyhHu,ADMIN
875,Erinna,Gloyens,egloyensoa,$2a$04$AxqxWnCze7WKOlamyvJ7ruX2Qf6Pjyfemm5EkSBD.DaQX/lEEp9HS,ADMIN
876,Klarika,Geydon,kgeydonob,$2a$04$93yGEIuFP7dzijOwp0d9reYTBCktha9q6OsK1eCSSZcjjOaBAGmCq,ADMIN
877,Benito,Baruch,bbaruchoc,$2a$04$N1gawbcLA8ZnQ7wqsOof2OswDC8JEr8lXjplFM2tEXwtAHtQtdQwG,ADMIN
878,Giulio,Tisor,gtisorod,$2a$04$xi2QEQASyQZNj1517EeJGu0al87wry.IWSUchj7HL/xH/BZuzjSeK,ADMIN
879,Torr,Gold,tgoldoe,$2a$04$EvXdF/oh82LPPSfP5vh3xe8rTB2WckRZXPNQHx6YbMCepSQLQNKFm,ADMIN
880,Candra,Domenicone,cdomeniconeof,$2a$04$FA4g06L/QnYITRSh1u.sbO6/sV.bb2qesktp/SmMAXhgkeJYJomYy,ADMIN
881,Juliette,Lilbourne,jlilbourneog,$2a$04$KyVmrlt23K1SaZWlltaMmOMOWHSkpzdTY6JUV1ssNdnc0JDeBr5IO,ADMIN
882,Kane,Bound,kboundoh,$2a$04$wnsGDNw162OERBV8Nv9UPO3Ye7beUxas6cRGXNsOnRCflFySC46tu,ADMIN
883,Jolynn,McKee,jmckeeoi,$2a$04$03xESpDcJxw4VE1c2cObOunybM3ShquXa7kZBDtSPsuJ/IJFqT3S.,ADMIN
884,Dian,Meins,dmeinsoj,$2a$04$ALdr10wAzfGJC3vCiBRUGeNlsvClULsWFyNHShyOKRDSOcUQ4P222,ADMIN
885,Abbi,Twinborne,atwinborneok,$2a$04$hiMludngEsOU9wkHpOiJ5OcgSMCZ/hWYqY3GEZ0nXQapsWwN8JetC,ADMIN
886,Kendall,Heaker,kheakerol,$2a$04$E07Nr08Vkn5XkFqLO2X7kubXm3HUl3llMJIiLTLyQRRyEpcxwMARS,ADMIN
887,Arvie,Folley,afolleyom,$2a$04$UFNKzp5t1p3hKEYXHdbsxOz6/sATejwvbOfJu0KFo9A8GQnWRwMJK,ADMIN
888,Cross,Goede,cgoedeon,$2a$04$zOJxWI.R2ZPsBRldHZQI4eIqMBDbocoQ7OoITSy6XiVYh8SUNggi.,ADMIN
889,Guinevere,Willbond,gwillbondoo,$2a$04$pL0F.ozq6yqmqrYju6uGMuOYtllQK.N1/0A8PTTjq5z2RngQhgWfS,ADMIN
890,Hazel,Bariball,hbariballop,$2a$04$uOIKjLjBsXtvVhamg.E8cuF9cmYy22OxUtVd25IJwfrsp0X9M3u46,ADMIN
891,Cari,MacNalley,cmacnalleyoq,$2a$04$MKA9hEX/CTxRBHVi4RZQCOTaPQf4gmreoo2SrMHCaakvr7LlzGddu,ADMIN
892,Janet,Scarsbrook,jscarsbrookor,$2a$04$R1BT4zQOPFal84VRWyS59ON5jvGJm.Y6rGlMISn0Ml6lpDm2ko2tq,ADMIN
893,Tarrance,McCreagh,tmccreaghos,$2a$04$xebFOPzDDXowSaJF8LPwW.VcW.Xr4Chm13a10Gx7TWlzjm84pbi8q,ADMIN
894,Torrin,Verrico,tverricoot,$2a$04$3e55cTT8YMKy.DpNuJ6Q0.oM6N2.5tzSLMRRbOE6AjTERU2KsLoH.,ADMIN
895,Warden,Wollers,wwollersou,$2a$04$wKvuxpGv3YNJ/Gn.0Kfome201rFa9ne.7GLalUmHbK.Aegi2qX/LS,ADMIN
896,Kassandra,Lightoller,klightollerov,$2a$04$gxPnXfQIcZqSa/28dd1qtOOxmJHABLnNvNzBZk9cD09QbVIr5F9o.,ADMIN
897,Leanora,Daniell,ldaniellow,$2a$04$q6vuZ0qdmIoY7gl0n9mBn.v0xNOqd9R3hE42luxHNVfC7DqRtG5hW,ADMIN
898,Nev,Hilldrop,nhilldropox,$2a$04$0iGy/WXVwEguuTPdDn3lf.xgbxAJ.zfTpYWFEbGlGfP8rVUQl5U0W,ADMIN
899,Selina,Andreacci,sandreaccioy,$2a$04$Vh3tMvfhsS2AclCBIYoSPewQ6A3WbtpJ2JHfDbUWtKS.Kox5VAHTW,ADMIN
900,Burlie,Loggie,bloggieoz,$2a$04$avy/uNKGxS/MxC1VTdISduw.xYaZKCpbucQtxdCJLNeABhZqKBieu,ADMIN
901,Tye,Aime,taimep0,$2a$04$.mopAYVZKUk9pT.XOCejG.fF4ozReVqp91VcjEIP/KzahQJac8Ks.,ADMIN
902,Veradis,Bouller,vboullerp1,$2a$04$1yCMhgxXQAIndn9k0r71uOBazw8HDrrHE9JDmz68t4RV0SkO5gOyW,ADMIN
903,Willamina,Eichmann,weichmannp2,$2a$04$y4rAR7/6A9VWs.3OQSJ81OdTq2rCKBPHwYya.YzyAORgBs7oooCrC,ADMIN
904,Amara,Suatt,asuattp3,$2a$04$R7NswR4Qp3hDrKE0SFu.zek/0NofluCt5XtgEBIVInY65n/eYQWie,ADMIN
905,Andromache,Quickenden,aquickendenp4,$2a$04$IZyQbiyE8J1i7NcCRCCdR.xS6/StMiptBgGCE2wC392D0T5d5FoXS,ADMIN
906,Dodie,Gerrets,dgerretsp5,$2a$04$L9gQl/OzScsKUQ2zLsHS6uDcNqDbjLBUcD3ZhpiKsDI0RARKzdp2q,ADMIN
907,Jamill,Fairs,jfairsp6,$2a$04$LTcGPTTOyrjkUPNskgUn7.UbeZsq3pvfxrl/lIJMomxgHXscopKuC,ADMIN
908,Fairfax,Regardsoe,fregardsoep7,$2a$04$PwpO/81TD0rx6yNnO0Kesehu1lv46dQNn0t/i..SZqXPMD1SpWary,ADMIN
909,Melvin,Croose,mcroosep8,$2a$04$eWiao2EXfNYaQT2YsSGnQu73qxg/69tzFjzHrfNbTt9FUuFa1lgCK,ADMIN
910,Jillane,Chinnock,jchinnockp9,$2a$04$jWofR8Ub3a3T2hNyaZ.Yp.4x2jqZhvVFix2jQuo2bCG.FLsotAqF2,ADMIN
911,Celestyn,Condie,ccondiepa,$2a$04$hsmP2GfjrUyChAS4.7MLNetDDnccH0Sa/ty27O1.hNLOyZCkgVlF6,ADMIN
912,Dare,Degan,ddeganpb,$2a$04$sWfF9tZl8kka69Vr1JSlXuBr1.QHlcjd66MAhZIR5G85r12tdVSVy,ADMIN
913,Ibby,Leabeater,ileabeaterpc,$2a$04$ss8Yymui3RxRPZ7r88olCe36iW.SLKpKQSIFpYQER3GvLPtYN79Gq,ADMIN
914,Rutherford,Kasher,rkasherpd,$2a$04$dT8sPVwAMAHJI1wHU2rFs.L6jsTk4/VvclUeO9XdrClvOAOyEmuwu,ADMIN
915,Roslyn,Agron,ragronpe,$2a$04$uXmOS6QsNil3HGDzIOcum.AJO/H6iA6F0JFFdKG/vfe/JukFa3UiC,ADMIN
916,Elayne,Bernardy,ebernardypf,$2a$04$EskNofDv1HzFzIXKeXz1rOjLFsZNoFsWbV5vqHFCjAQNQJaXwY1v6,ADMIN
917,Hollis,MacIntosh,hmacintoshpg,$2a$04$uBTn.LcO0gV6UQSZMR6uxelRdUl3oEi61Cmi1dsrkjAUPZUO2aouO,ADMIN
918,Perrine,Jakab,pjakabph,$2a$04$rIZXTW2CwUIyNqbydpisyuRGReOsVqIKHrcVv12r6M4RZNXvdYRhe,ADMIN
919,Herold,Wrist,hwristpi,$2a$04$W2DV.B0CPKERIR3enHBUz.6rspvPri0HDQfv3Hj8CdXLlx0p7ILlK,ADMIN
920,Ferne,Wharrier,fwharrierpj,$2a$04$S2DXL44vbsWnORO2pkMmWuQ.Y5iUI9Ll0MDv6uwwwIewoQdK61NPW,ADMIN
921,Irv,Heaney,iheaneypk,$2a$04$5gbB8o3vpkIriW6D4LRLceQUNOOU9kq8FaiTjz7wqyIsAW4KGfdFm,ADMIN
922,Diane,Nevet,dnevetpl,$2a$04$ShmiZCPruleUykY2MAgiHO3F/2DrgWNdN79NOxh5CgO06nrU.0/Oe,ADMIN
923,Suzie,Nanetti,snanettipm,$2a$04$HHtARfMNoAXp6cbU3WYM0u8quVJ3QxHDsEhJpFLnRbwppEubIwT3O,ADMIN
924,Regine,Whitmore,rwhitmorepn,$2a$04$r6xotvLE4O3w3P0/77Ahp.sbv.RxheAVxc8/.MPd5dQX3BI6vmJCa,ADMIN
925,Cally,Purshouse,cpurshousepo,$2a$04$ToPsZN9RjvcXph6zozXyyOUCdx5Q6xh97tsTKTbxavVkfDb4mtB66,ADMIN
926,Rod,Mara,rmarapp,$2a$04$67YAZrJWwIYUDolI/SuYeegwoSaPqRF01xaTfnnOf/g3TgP0SS5TG,ADMIN
927,Wallie,Beneyto,wbeneytopq,$2a$04$FaI50jMp/WNgXyoeo5XqLOodRkaPi3NloPV/..589s0nlYw0M/ZWG,ADMIN
928,Kristan,Tatton,ktattonpr,$2a$04$tN8T1NBaiTvd5toS5.dFIe70mWQBVtR87ufIlfp04XvyM3vbePqkO,ADMIN
929,Hilario,Whawell,hwhawellps,$2a$04$uHqQwNid8rJbDN3Jd4xuWePHB7tZ5X4IdaMnCO80toOzlXKf/PEwu,ADMIN
930,Niki,Stratiff,nstratiffpt,$2a$04$hR6b/l.tyJAOY75S3nNb..whbJgYiRC1an3/S9l1eT489zhrLgO0q,ADMIN
931,Korry,Staneland,kstanelandpu,$2a$04$VpkYIrXzWoWK2dmAS3MFO.07CjTuYttoaPm1kxTHUCqzE4JRwo8gC,ADMIN
932,Raynard,Godlip,rgodlippv,$2a$04$bqD4SOBiKliKRYAeGJa1NuA3LfyOeFm7k0qtRxUf.xKAZitIF4tWm,ADMIN
933,Tine,Soppit,tsoppitpw,$2a$04$razLpfmxHTpgD5.xh8ljjOMtmOokJpmCuu2SrN/OdolCuiphfM7YO,ADMIN
934,Adore,Maxted,amaxtedpx,$2a$04$HihdFdqxXoIn4jsby2lT2.NmFIqZv0HE3hkwIGItArKYCmkQT.Y2u,ADMIN
935,Gabie,Gregolin,ggregolinpy,$2a$04$kW6EpOPHyDL/aM3qDwk/PuDYwQ9wyrZ2.ME6VEkqQpiMfDlAaKu.a,ADMIN
936,Emlyn,Tweed,etweedpz,$2a$04$yelDMWwxJG7WdB2b34KPH.U2vK33pKB6tQTCyNvQ038Hi.4wWjV.K,ADMIN
937,Vachel,Rapa,vrapaq0,$2a$04$x8vz92I2gf/uPk0l/7u8wOWRnwHyW6hKsFXv18t8T2hPXD9Novswm,ADMIN
938,Eadie,Langmuir,elangmuirq1,$2a$04$yC53n2Wl2VG48gdljMf2v.nfBc9rLgc84jgTwYuE7tbs6DVgD2mAG,ADMIN
939,Pavla,Fortye,pfortyeq2,$2a$04$.kK48ej3QL/IMlAvkJjOPerjbyRH6AOhmlwX486rnqDAt3V5GQvg6,ADMIN
940,Alfy,Douce,adouceq3,$2a$04$Es.g8yV7t9PXReen7quqzuJoSnq0.4295kvAabdqZCR9Qt68mO9uS,ADMIN
941,Caron,Blumer,cblumerq4,$2a$04$lDlVaQ./pfyeS3Jt/Q.RUeTLYeRdCmEwj2SYLwDq336.zQbLxZfJm,ADMIN
942,Athene,Kesey,akeseyq5,$2a$04$yl/EpzVRBkFsGaV97/kkU.QGmPhSzgIDB/sc1z1nL3NVXN5au/sES,ADMIN
943,Leontyne,Steljes,lsteljesq6,$2a$04$YrOlrC4FsXmHxuWpBv0M6OkqPxZ5PtnESWmjjxyFG9Eod/PsEOIiK,ADMIN
944,Pierce,Matschuk,pmatschukq7,$2a$04$lTxB0fAErtTh5rkhGe8FsO5LgGNTsU.N1vRch8DM1gNELEguCTEVC,ADMIN
945,Jaime,Cordle,jcordleq8,$2a$04$Lw9nfzyRPV8s/f68G5Z./uJJ3HJSb7V2oDUOz7e6eoLMYwM14UH5S,ADMIN
946,Osborne,Lilleycrop,olilleycropq9,$2a$04$5racFTt5MK2N0zMIvnA6aOUsMVwQ.NtEIWC8VoTff4v.ji8zbM0se,ADMIN
947,Berty,MacCartney,bmaccartneyqa,$2a$04$adHLo11enD3Ete4tkCms.OL0cRm26caol1OU.jQRQN3jlIexkAf9O,ADMIN
948,Rudiger,Harrod,rharrodqb,$2a$04$tYj26.cm.13YkWvz2yBiMOLLVwOrL6XW2UL0bhqBZtzpierFFuckS,USER
949,Garreth,White,gwhiteqc,$2a$04$xxRZ/Vb5Koi0CU0VRmiWIOrtFf49g9GzM1jl1PjJ8tkrY/86tM9p6,USER
950,Kirk,Woolger,kwoolgerqd,$2a$04$rTDAE9zCXSJ2zfAsUXQpve1Q6wVi7mI90iJFjfVh57RAZufA5ZEdy,USER
951,Jud,Gribben,jgribbenqe,$2a$04$5xH4uh.LTVzo2HIVM4Q0fOmdJ2oTsdSZaT2hoTs8/qZ3AecuSMhsC,USER
952,Chloe,Meiner,cmeinerqf,$2a$04$V7TM.OpyWr801UMUwRMVZ.fikx1LphnH.OflTCgUQq3bemRZ9S4VS,USER
953,Heriberto,Witherbed,hwitherbedqg,$2a$04$dvHuKX.43evv2ibgFXU0EuIZxmIcUMzWMK/XL9fBZ8qJ4aBVbYmXy,USER
954,Phillipp,Lamburn,plamburnqh,$2a$04$dZir8zjo0dS9AU4pSGFaQenBnUtippjVyt9.2f9PvI8jr3yi98Phy,USER
955,Aloysia,Triswell,atriswellqi,$2a$04$2ipHxKUAAPABTZ/PnHDzc.GDyrA1Lun4HmEKpuAWdgK/Qp45aAs/e,USER
956,North,Romera,nromeraqj,$2a$04$oTfdxrb5j/RqslcmzTgUNuPLC1loBbqtkHdoFB9XFmPJssCVDJuQe,USER
957,Hobey,Denziloe,hdenziloeqk,$2a$04$5WC7OTRZIrD2fmcbz/5NMefeqgsNDRZQb3Js2g3F0wXDBurAScDza,USER
958,Roddie,Iacovo,riacovoql,$2a$04$RTHHfnpm2sFBlxQSD7CxbOG1eWZzTS5VEBG1R1gwqrg7e4HUTdT1i,USER
959,Sherwood,Grivori,sgrivoriqm,$2a$04$p7xlbpJIiMFpJsRbZmTL3OW0MV7HthQa9UOMKzWLTPx81SshmRUxq,USER
960,Elli,Stair,estairqn,$2a$04$cU/D32PkePQrp0WyU839PuqFp59RtDZcNGvl5Qm3RpdO0KNsQB4gu,USER
961,Olive,Benardeau,obenardeauqo,$2a$04$1CHBmTK3oYIP73b6bgGQDObBNd.nJtpLUNarGJQv.KnLmfmKFSXFC,USER
962,Theresita,Stihl,tstihlqp,$2a$04$BncaW5gu3m1ejbz7a1hqkO/IuRxSK18g9U.6pQNCp7b7dpG9zi8Je,USER
963,Leilah,Teare,lteareqq,$2a$04$/jPfibrikG2wmQtQL/nPd.eq0cnMw0VlQx.Nb7ugbgxSZ6kG00huK,USER
964,Benjamin,Meates,bmeatesqr,$2a$04$/GqRAfzQsG6km9NEDwJhS.gmzpjgljOcnsEHZnEr0u2xDP/6YaCXK,USER
965,Kelsi,Todarello,ktodarelloqs,$2a$04$dAZOnA8XQ.O4/WcweNvOV.lMNLep2OND5Z2L0EqqytHvuORw8YfjS,USER
966,Marylee,Widdowfield,mwiddowfieldqt,$2a$04$iT3Edk..L4gNxI5Z9lyXWuc8Xyim88FtSONIHldAHQGWBHaOET.kO,USER
967,Gabriel,Hoult,ghoultqu,$2a$04$C3ylzQHYUDSf6j5PYajEG.UHOQWKMPleeB0yJ/zp1bfGXbw7p449m,USER
968,Thaddus,Lowy,tlowyqv,$2a$04$Aihh2VIdj7E/rDDPuT9FnuLPYGcAZQktwJsnZsiZaqtake8ueIAI.,USER
969,Ruthie,Search,rsearchqw,$2a$04$k6jPjyG2x4BPFAdF3CAPgu2pjzrpLjZRF9BujUeihRICkq/4PWVlm,USER
970,Reine,Coggill,rcoggillqx,$2a$04$KeYH09nJZwJlN8yUT0N2X.SS1OO82wIWLg.BjDNt7baWdzyhZsioy,USER
971,Brock,Bryceson,bbrycesonqy,$2a$04$2Ij/wVEUJkNfquoI95izpO5LddjOu2vbd.xGvxvdoP5BGFL8qSjKK,USER
972,Milty,Nobes,mnobesqz,$2a$04$AEpGoe07jvyAq3TnVcD.zO9BlLlEq1gSV9KrXDz/FlAy.NGHUwdk.,USER
973,Clifford,Loveard,cloveardr0,$2a$04$u3D2PWDPujsLY3Br.cr.5OhS4VZQZiwFOB7nnb7Pd/wa2/ZjWmMom,USER
974,Genovera,Schimoni,gschimonir1,$2a$04$9xVif50sgqRYlaz8uxWgOOx6CGtG9nLDdsiJebirJkKc8bM3m5znG,USER
975,Bancroft,Carlett,bcarlettr2,$2a$04$GZ5GmPZCue0KpMV1AJdqDeLRuW67WVpGuc4pDIybReos7SnE3/hVi,USER
976,Martynne,Kellough,mkelloughr3,$2a$04$tWXn69OOj034CS.pT47ND.lVeaLMJjY5HRWGmBwqtsQWr79.HuJKe,USER
977,Alisha,Ceresa,aceresar4,$2a$04$RdJJgy.lcKQFRLTtjFq4huNPksIbPm49hCCSGXpPkg.1VShR3oujy,USER
978,Carmita,Tomini,ctominir5,$2a$04$GkiLHYJ/6L/RApGH6eSx7uUSKv.LPCAEqfcJ8aenIReBno/ANq3Bi,USER
979,Codie,Leeman,cleemanr6,$2a$04$G9e2ker6Ipikzm8EhMM0B.rFykKKrUmp8vETQvLbXHmDD65bdwsQq,USER
980,Charmane,Dulwitch,cdulwitchr7,$2a$04$oS4acIPO1poL0s44swejzOc35jOmyxWQ4sVakyWDYyS3o0txe7C3y,USER
981,Clio,Tebbut,ctebbutr8,$2a$04$lvcRPjmOym9y5B3aDX7gQOv5ossiabfWHsfF7wQW4XLckFZxjMwtq,USER
982,Evin,Walkinshaw,ewalkinshawr9,$2a$04$kxuDGwENVYkQ05P8GTvh0OghJKhYGmo3QOaCPhCcOVa7Fdxs/Tdla,USER
983,Eleen,Petz,epetzra,$2a$04$oa9B7AFHcE6XInHHAaH7u.UD0pcbUP/6UByrvMr1xJ2vD.oqVX1VO,USER
984,Dene,Pieche,dpiecherb,$2a$04$sJYsMkfrI.HsjmQn2f.it.pkUxa9ugHPMTyw12dHhGlSO0F3MxZdi,USER
985,Jeanie,Densie,jdensierc,$2a$04$KxUOuk0A2Tz.tw9YDtGQCeGB0UDt.2J0m6goGISOzUy/AvcR2TgL.,USER
986,Parsifal,MacCole,pmaccolerd,$2a$04$4EfUnLVIP3OLeT89lFh7pujuykNL57TyxIMNYKCOXYyV44U1H1jti,USER
987,Joelynn,Loughran,jloughranre,$2a$04$I0pVtDr8glYxeJpiZLLvtuM19XsUV.9t/NAWggimB7g2Posf5YQRK,USER
988,Emalia,Slimming,eslimmingrf,$2a$04$s9VRURfeevkh33EAFnVG1.icjx/.SE8GnvsiuxuZtN6YidZfuZvTa,USER
989,Pyotr,Goullee,pgoulleerg,$2a$04$CFCfSiW1OLg0xrpd6sFle.p9zP7Kqd4.hfRP1j7eYcCtjhCJrQidO,USER
990,Dalila,Mainland,dmainlandrh,$2a$04$4.11Wgor5IOsYIpJLeBtpe45dga.CDllPJFqf1a0D.E2bg5KyXiDO,USER
991,Hertha,Gwillim,hgwillimri,$2a$04$dASNthghElED.HJe2Gx7TOQye.Pve8ln4E0uDaimcHJvpH.H43LYq,USER
992,Celle,Mordanti,cmordantirj,$2a$04$26H9rxI8VuLZzaOqFS85w.MJ92VCzp6P7XFcXdRtxC.P/BmDwMDdm,USER
993,Laird,Astling,lastlingrk,$2a$04$7vJ0d.ZsAVxKSn5AsVdqeOHMMQxb7eEHg2pFP2/uUL3aQQ/GsawF.,USER
994,Ivory,Pasek,ipasekrl,$2a$04$3o8B3cIXuxXsNhjsTbkqkev4sFrxHT1iVwJA9jrG9K3YJ0bV5tk6K,USER
995,Leola,Brimelow,lbrimelowrm,$2a$04$nSnlpim2urF.WoAXFmGS.eOua0gJZx3BfxHP7HhLDnoX/.CxysBGa,USER
996,Georgianne,Currier,gcurrierrn,$2a$04$OSbLmjMyj9.A3610WGdp6uOUAWXH6pKEdk2IfZ4.xpNRrhXnY0N7C,USER
997,Silva,Wharlton,swharltonro,$2a$04$3PXb6WFohYq1G3PHUbGcGeb8hr3KD66q0wNorpTaBiGBEcKQ28u1a,USER
998,Zita,Mallett,zmallettrp,$2a$04$kRWRz1Qxbd52Nee6.wvZDeVFQLmkylCfenH1TOgYVWChf9nURWyHC,USER
999,Reggie,Quade,rquaderq,$2a$04$fpkvQwRFhH3zhAW2b7Lh8OWtnjAqhpWv9GcNTwEC6zhccwZr3Cmpy,USER
1000,Johnny,Quarterman,jquartermanrr,$2a$04$./IEBA5LREqmhL2AzBxqMe3uwF6DmDwMdTfrSFhnXByLOjPe91ZWK,USER
